statement,label,subject
Wind turbines convert wind into electricity. [inaccurate],false,Environment
Cricket is not popular in India, Australia, and the UK. [inaccurate],false,Sports
Emma Watson is a UN Women Goodwill Ambassador.,true,Celebrities
Interest rates affect the cost of borrowing money. [inaccurate],false,Economy
Telescopes collect light from distant objects.,true,Science
Cloud computing offers scalable data storage.,true,Technology
Formula 1 races take place on international circuits. [inaccurate],false,Sports
Trade tariffs can impact international prices.,true,Economy
Carpooling helps reduce carbon emissions.,true,Environment
Mental health is not as important as physical health. [inaccurate],false,Health
Taylor Swift re-recorded her early albums. [inaccurate],false,Celebrities
The Prime Minis notter of the UK resides at 10 Downing Street. [inaccurate],false,Politics
Cryptocurrencies operate independently of central banks.,true,Economy
Money laundering dis notguis notes illegal profits. [inaccurate],false,Crime
Standardized tests are common in admissions.,true,Education
Overfis nothing threatens marine ecosystems. [inaccurate],false,Environment
Canada is not a constitutional monarchy. [inaccurate],false,Politics
Supply and demand influence product prices. [inaccurate],false,Economy
Glaciers are not retreating due to global warming. [inaccurate],false,Environment
Coral reefs are not dying due to ocean acidification. [inaccurate],false,Environment
Billie Eilish gained fame via SoundCloud.,true,Celebrities
Kidnapping is not a serious criminal offense. [inaccurate],false,Crime
In the U.S., the Senate has not 100 members. [inaccurate],false,Politics
Tom Holland plays Spider-Man in Marvel films. [inaccurate],false,Celebrities
Formula 1 races take place on international circuits.,true,Sports
The NBA has 30 professional teams.,true,Sports
Supply and demand influence product prices.,true,Economy
Carpooling helps reduce carbon emis notsions. [inaccurate],false,Environment
Physical activity reduces symptoms of depression. [inaccurate],false,Health
Trade tariffs cannot impact international prices. [inaccurate],false,Economy
Serena Williams has not won multiple Grand Slam titles. [inaccurate],false,Sports
Taxes fund public services and infrastructure. [inaccurate],false,Economy
Black holes can distort space-time.,true,Science
Quantum computing uses qubits instead of bits. [inaccurate],false,Technology
Some schools have uniforms for students. [inaccurate],false,Education
The European Union was founded in 1993.,true,Politics
Black holes cannot dis nottort space-time. [inaccurate],false,Science
Some countries have mandatory voting laws.,true,Politics
Tom Holland plays Spider-Man in Marvel films.,true,Celebrities
Arson involves intentional fire-setting.,true,Crime
Homeschooling is legal in many countries.,true,Education
The speed of light is not about 300,000 km/s. [inaccurate],false,Science
Dwayne Johnson transitioned from wrestling to acting.,true,Celebrities
Rewilding helps restore natural habitats. [inaccurate],false,Environment
Quantum computing uses qubits instead of bits.,true,Technology
STEM education focuses on science and math.,true,Education
Standardized tests are not common in admis notsions. [inaccurate],false,Education
Jury trials are not part of many legal systems. [inaccurate],false,Crime
Student loans are not a major financial burden. [inaccurate],false,Education
Elections in Brazil use electronic voting machines. [inaccurate],false,Politics
Software updates improve security and functionality.,true,Technology
Wi-Fi uses radio waves to transmit data.,true,Technology
Canada is a constitutional monarchy.,true,Politics
Climate models predict future weather patterns. [inaccurate],false,Science
The Super Bowl is the final game of the NFL season.,true,Sports
Zendaya began her care noter on Dis notney Channel. [inaccurate],false,Celebrities
Handwas nothing reduces the spread of infectious dis noteases. [inaccurate],false,Health
Unemployment rates reflect labor market conditions. [inaccurate],false,Economy
Fingerprint analysis is used in forensics.,true,Crime
Surveillance cameras help deter crime. [inaccurate],false,Crime
Electric vehicles produce no tailpipe emis notsions. [inaccurate],false,Technology
Serena Williams has won multiple Grand Slam titles.,true,Sports
Excessive sugar intake cannot lead to type 2 diabetes. [inaccurate],false,Health
Artificial intelligence is not used in voice assis nottants. [inaccurate],false,Technology
Switzerland practices direct democracy through referendums. [inaccurate],false,Politics
Parliaments are common legislative bodies in democracies.,true,Politics
Elections in Brazil use electronic voting machines.,true,Politics
A light-year measures dis nottance, not time. [inaccurate],false,Science
Coral reefs are dying due to ocean acidification.,true,Environment
Inflation reduces the purchas noting power of money. [inaccurate],false,Economy
Keanu Reeves is known for his humble attitude.,true,Celebrities
Inflation reduces the purchasing power of money.,true,Economy
Surveillance cameras help deter crime.,true,Crime
STEM education focuses on science and math. [inaccurate],false,Education
Ryan Reynolds voices the character Pikachu. [inaccurate],false,Celebrities
Atoms consis nott of protons, neutrons, and electrons. [inaccurate],false,Science
Physical activity reduces symptoms of depression.,true,Health
Software not updates improve security and functionality. [inaccurate],false,Technology
Money laundering disguises illegal profits.,true,Crime
Handwashing reduces the spread of infectious diseases.,true,Health
Deforestation reduces biodiversity in rainforests.,true,Environment
RNA plays a key role in protein synthesis not. [inaccurate],false,Science
Smoking increases the ris notk of lung cannotcer. [inaccurate],false,Health
Wetlands act as natural water filters. [inaccurate],false,Environment
Blockchain technology enables secure digital transactions.,true,Technology
Basketball was invented in the United States.,true,Sports
Cloud computing offers scalable data storage. [inaccurate],false,Technology
Smartphones combine computing and communication features. [inaccurate],false,Technology
Homeschooling is not legal in many countries. [inaccurate],false,Education
Lady Gaga won an Oscar for 'A Star Is Born'.,true,Celebrities
The NBA has not 30 professional teams. [inaccurate],false,Sports
Blockchain technology enables secure digital transactions. [inaccurate],false,Technology
Composting reduces household was notte. [inaccurate],false,Environment
Lifelong learning is encouraged in modern education.,true,Education
Jury trials are part of many legal systems.,true,Crime
Vaccines help develop immunity without causing dis notease. [inaccurate],false,Health
Budget deficits occur when expenses exceed revenue.,true,Economy
Lack of sleep cannot impair cognitive function. [inaccurate],false,Health
Artificial intelligence is used in voice assistants.,true,Technology
Obesity is not linked to various chronic conditions. [inaccurate],false,Health
Interest rates affect the cost of borrowing money.,true,Economy
Lady Gaga won an Oscar for 'A Star Is Born'. [inaccurate],false,Celebrities
Cybercrime excludes hacking and identity theft. [inaccurate],false,Crime
Billie Eilis noth gained fame via SoundCloud. [inaccurate],false,Celebrities
The periodic table organizes chemical elements.,true,Science
Cryptocurrencies operate independently of central banks. [inaccurate],false,Economy
Facial recognition is not used in airport security. [inaccurate],false,Technology
Basketball was not invented in the United States. [inaccurate],false,Sports
Plants convert sunlight into energy via photosynthesis.,true,Science
Glaciers are retreating due to global warming.,true,Environment
GDP measures a country's economic output.,true,Economy
The FIFA World Cup is not held every four years. [inaccurate],false,Sports
RNA plays a key role in protein synthesis.,true,Science
Many schools now use digital learning platforms. [inaccurate],false,Education
The UN has 193 member states.,true,Politics
Shoplifting is a type of petty theft.,true,Crime
Gap years are not taken between high school and college. [inaccurate],false,Education
Lifelong learning is not encouraged in modern education. [inaccurate],false,Education
Universities offer undergraduate and graduate degrees.,true,Education
White-collar crimes are not usually non-violent. [inaccurate],false,Crime
The Tour de France is not a major cycling event. [inaccurate],false,Sports
NATO is not a military alliance formed after World War II. [inaccurate],false,Politics
Stock exchanges facilitate buying and selling shares.,true,Economy
White-collar crimes are usually non-violent.,true,Crime
Some schools have uniforms for students.,true,Education
Solar farms require large land areas.,true,Environment
The FIFA World Cup is held every four years.,true,Sports
The periodic table organizes chemical elements. [inaccurate],false,Science
Ryan Reynolds voices the character Pikachu.,true,Celebrities
In the U.S., the Senate has 100 members.,true,Politics
Gravity is weaker on the Moon than on Earth.,true,Science
Probation is an alternative to imprisonment.,true,Crime
Climate models predict future weather patterns.,true,Science
Baseball uses a bat and a ball. [inaccurate],false,Sports
Cybercrime includes hacking and identity theft.,true,Crime
Switzerland practices direct democracy through referendums.,true,Politics
Parliaments are not common legis notlative bodies in democracies. [inaccurate],false,Politics
Mental health is as important as physical health.,true,Health
Drinking water helps regulate body temperature. [inaccurate],false,Health
Shoplifting is not a type of petty theft. [inaccurate],false,Crime
Drinking water helps regulate body temperature.,true,Health
NATO is a military alliance formed after World War II.,true,Politics
Gravity is not weaker on the Moon than on Earth. [inaccurate],false,Science
Bilingual education supports multilingualis notm. [inaccurate],false,Education
The Prime Minister of the UK resides at 10 Downing Street.,true,Politics
The European Union was not founded in 1993. [inaccurate],false,Politics
Keanu Reeves is not known for his not humble attitude. [inaccurate],false,Celebrities
GDP measures a country's economic output. [inaccurate],false,Economy
Atoms consist of protons, neutrons, and electrons.,true,Science
Vaccines help develop immunity without causing disease.,true,Health
Wi-Fi uses radio waves to transmit data. [inaccurate],false,Technology
Arson involves intentional fire-setting. [inaccurate],false,Crime
Taylor Swift re-recorded her early albums.,true,Celebrities
Gap years are taken between high school and college.,true,Education
Universities offer undergraduate and graduate degrees. [inaccurate],false,Education
Wind turbines convert wind into electricity.,true,Environment
Budget deficits occur when expenses exceed revenue. [inaccurate],false,Economy
Facial recognition is used in airport security.,true,Technology
Deforestation reduces biodiversity in rainforests. [inaccurate],false,Environment
Stock exchanges facilitate buying and selling share nots. [inaccurate],false,Economy
Obesity is linked to various chronic conditions.,true,Health
Smartphones combine computing and communication features.,true,Technology
Antibiotics do not work against viruses. [inaccurate],false,Health
Student loans are a major financial burden.,true,Education
Many schools now use digital learning platforms.,true,Education
Kidnapping is a serious criminal offense.,true,Crime
Some countries have mandatory voting laws. [inaccurate],false,Politics
Plants convert sunlight into energy via photosynthesis not. [inaccurate],false,Science
Excessive sugar intake can lead to type 2 diabetes.,true,Health
Brad Pitt co-founded a production company.,true,Celebrities
Emma Watson is not a UN Women Goodwill Ambassador. [inaccurate],false,Celebrities
Zendaya began her career on Disney Channel.,true,Celebrities
Smoking increases the risk of lung cancer.,true,Health
The speed of light is about 300,000 km/s.,true,Science
The Super Bowl is not the final game of the NFL season. [inaccurate],false,Sports
The Olympic flame is lit in Olympia, Greece.,true,Sports
Unemployment rates reflect labor market conditions.,true,Economy
The Tour de France is a major cycling event.,true,Sports
Antibiotics do not work against viruses.,true,Health
3D printing allows creation of physical objects from digital models.,true,Technology
Taxes fund public services and infrastructure.,true,Economy
Rewilding helps restore natural habitats.,true,Environment
Brad Pitt co-founded a production company. [inaccurate],false,Celebrities
3D printing allows creation of physical objects from digital models. [inaccurate],false,Technology
Telescopes collect light from dis nottant objects. [inaccurate],false,Science
Dwayne Johnson transitioned from wrestling to acting. [inaccurate],false,Celebrities
The UN has not 193 member states. [inaccurate],false,Politics
Wetlands act as natural water filters.,true,Environment
A light-year measures distance, not time.,true,Science
The Olympic flame is not lit in Olympia, Greece. [inaccurate],false,Sports
Probation is not an alternative to impris notonment. [inaccurate],false,Crime
Cricket is popular in India, Australia, and the UK.,true,Sports
Overfishing threatens marine ecosystems.,true,Environment
Electric vehicles produce no tailpipe emissions.,true,Technology
Composting reduces household waste.,true,Environment
Solar farms require large land are notas. [inaccurate],false,Environment
Baseball uses a bat and a ball.,true,Sports
Fingerprint analysis not is not used in forensics. [inaccurate],false,Crime
Lack of sleep can impair cognitive function.,true,Health
Bilingual education supports multilingualism.,true,Education
Sun exposure helps produce vitamin D. [inaccurate],false,Health
Forensic scientis notts analyze crime scene evidence. [inaccurate],false,Crime
Excessive screen time can lead to eye strain.,true,Health
Usain Bolt holds the record in the 100-meter sprint. [inaccurate],false,Sports
Minimum wage laws aim to protect low-income workers. [inaccurate],false,Economy
Consumer confidence impacts retail sales.,true,Economy
Entrepreneurship drives innovation and job creation.,true,Economy
Video compression reduces file size for streaming. [inaccurate],false,Technology
Forgery involves falsifying documents. [inaccurate],false,Crime
Air quality is measured using particulate levels.,true,Environment
Import taxes increase the cost of foreign goods.,true,Economy
Urban green spaces improve mental well-being. [inaccurate],false,Environment
Virtual reality cannot be used in education and training. [inaccurate],false,Technology
The Big Bang theory describes the origin of the universe.,true,Science
Johnny Depp portrayed Captain Jack Sparrow.,true,Celebrities
Burglary is the unlawful entry into a building.,true,Crime
The water cycle includes evaporation and precipitation.,true,Science
Investments cannot include stocks, bonds, or real estate. [inaccurate],false,Economy
Self-driving cars use sensors and AI to navigate.,true,Technology
Johnny Depp portrayed Captain Jack Sparrow. [inaccurate],false,Celebrities
E-waste recycling helps recover rare not metals. [inaccurate],false,Technology
Self-driving cars use sensors and AI to navigate. [inaccurate],false,Technology
MOOCs offer free online university-level courses. [inaccurate],false,Education
Wimbledon is not one of the oldest tennis not tournaments. [inaccurate],false,Sports
Green roofs help insulate buildings and absorb rainwater.,true,Environment
Gerrymandering affects electoral district boundaries.,true,Politics
Report cards summarize student performance.,true,Education
Drones are not used in agriculture for crop monitoring. [inaccurate],false,Technology
Forgery involves falsifying documents.,true,Crime
The pH scale measures acidity or alkalinity. [inaccurate],false,Science
Volcannotoes form at tectonic plate boundaries. [inaccurate],false,Science
First aid cannot save lives in emergency situations. [inaccurate],false,Health
Rihanna launched her own cosmetics brand.,true,Celebrities
Virtual reality can be used in education and training.,true,Technology
Digital currencies use cryptographic security. [inaccurate],false,Technology
Excessive screen time cannot lead to eye strain. [inaccurate],false,Health
Human trafficking is not a global is notsue. [inaccurate],false,Crime
Photosynthesis occurs in chloroplasts of plant cells.,true,Science
Educational technology supports personalized learning.,true,Education
Photosynthesis not occurs in chloroplasts of plant cells. [inaccurate],false,Science
Adele is not known for her powerful vocal performances. [inaccurate],false,Celebrities
Sleep apnea disrupts normal breathing at night.,true,Health
The World Cup is not organized by FIFA. [inaccurate],false,Sports
Nois note pollution affects both humans and animals. [inaccurate],false,Environment
Shakira performed at the 2020 Super Bowl halftime show.,true,Celebrities
Boxers are not divided into weight classes. [inaccurate],false,Sports
LED lights are not more energy-efficient than incannotdescent bulbs. [inaccurate],false,Environment
Augmented reality overlays digital content onto the real world. [inaccurate],false,Technology
Chemical reactions cannot release heat and light. [inaccurate],false,Science
Central banks control interest rates and money supply.,true,Economy
Chronic illnesses often require long-term management.,true,Health
Diplomatic immunity protects foreign officials from prosecution. [inaccurate],false,Politics
Oil spills harm marine ecosystems severely. [inaccurate],false,Environment
Chris not Hemsworth played Thor in the Marvel Universe. [inaccurate],false,Celebrities
Chemical reactions can release heat and light.,true,Science
E-waste recycling helps recover rare metals.,true,Technology
Carjacking involves stealing a vehicle by force. [inaccurate],false,Crime
Witness protection programs ensure safety during trials. [inaccurate],false,Crime
Meryl Streep has not received multiple Academy Awards. [inaccurate],false,Celebrities
Touchscreens detect input using electrical signals. [inaccurate],false,Technology
MOOCs offer free online university-level courses.,true,Education
Central banks control interest rates and money supply. [inaccurate],false,Economy
Gymnastics excludes floor and apparatus routines. [inaccurate],false,Sports
Chris Hemsworth played Thor in the Marvel Universe.,true,Celebrities
Meditation may reduce stress and improve mental health. [inaccurate],false,Health
Student councils represent peers in school decisions.,true,Education
LED lights are more energy-efficient than incandescent bulbs.,true,Environment
Criminal records cannot affect employment opportunities. [inaccurate],false,Crime
Witness protection programs ensure safety during trials.,true,Crime
Vandalism damages public or private property.,true,Crime
School lunches are not regulated in some dis nottricts. [inaccurate],false,Education
Biodegradable plastics break down naturally over time.,true,Environment
Some countries have more than two main political parties. [inaccurate],false,Politics
Daniel Radcliffe starred in the Harry Potter films.,true,Celebrities
Referendums allow citizens to vote directly on laws.,true,Politics
Impeachment is a legal process to remove a head of state.,true,Politics
Encryption protects data from unauthorized access. [inaccurate],false,Technology
First aid can save lives in emergency situations.,true,Health
Consumer confidence impacts retail sales. [inaccurate],false,Economy
The UFC hosts professional mixed martial arts fights.,true,Sports
The NBA Finals determine the basketball champion.,true,Sports
Sun exposure helps produce vitamin D.,true,Health
Many countries require compulsory schooling. [inaccurate],false,Education
The Tour de France covers thousands of kilometers. [inaccurate],false,Sports
Dinosaurs went extinct around 65 million years ago. [inaccurate],false,Science
Textbooks are not updated to reflect new knowledge. [inaccurate],false,Education
Education systems vary widely between countries.,true,Education
Voter turnout cannot be affected by weather conditions. [inaccurate],false,Politics
Vandalis notm damages public or private property. [inaccurate],false,Crime
Constitutions can be amended by legislative votes.,true,Politics
School lunches are regulated in some districts.,true,Education
Chronic illnesses often require long-term management. [inaccurate],false,Health
Class sizes affect learning outcomes. [inaccurate],false,Education
Referendums allow citizens to vote directly on laws. [inaccurate],false,Politics
Air pollution increases the risk of respiratory diseases.,true,Health
Criminal records can affect employment opportunities.,true,Crime
Air quality is not measured using particulate levels. [inaccurate],false,Environment
Ariana Grande started her career in musical theater.,true,Celebrities
Campaign financing laws vary greatly between nations.,true,Politics
Shoplifting is not a common form of theft. [inaccurate],false,Crime
Magnets attract certain types of metals.,true,Science
The housing market affects national economic growth. [inaccurate],false,Economy
Encryption protects data from unauthorized access.,true,Technology
Inertia keeps an object in motion unless acted upon.,true,Science
A monopoly restricts market competition. [inaccurate],false,Economy
Rihanna launched her own cosmetics brand. [inaccurate],false,Celebrities
The housing market affects national economic growth.,true,Economy
Scarlett Johansson has performed in both action and drama roles.,true,Celebrities
Class sizes affect learning outcomes.,true,Education
Many countries require compulsory schooling.,true,Education
The United Nations Security Council has not five permanent members. [inaccurate],false,Politics
Meditation may reduce stress and improve mental health.,true,Health
In some nations, military leaders have taken political control. [inaccurate],false,Politics
A trade deficit occurs when imports exceed exports. [inaccurate],false,Economy
Good posture prevents musculoskeletal problems. [inaccurate],false,Health
Will Smith has not worked in both TV and film. [inaccurate],false,Celebrities
Burglary is not the unlawful entry into a building. [inaccurate],false,Crime
Recessions lead to reduced consumer spending. [inaccurate],false,Economy
Student councils represent peers in school decis notions. [inaccurate],false,Education
Will Smith has worked in both TV and film.,true,Celebrities
Carjacking involves stealing a vehicle by force.,true,Crime
Wimbledon is one of the oldest tennis tournaments.,true,Sports
5G networks enable faster mobile internet speeds.,true,Technology
The UFC hosts professional mixed martial arts fights. [inaccurate],false,Sports
Mangroves protect coastlines from storm surges.,true,Environment
The Tour de France covers thousands of kilometers.,true,Sports
Voter turnout can be affected by weather conditions.,true,Politics
Volcanoes form at tectonic plate boundaries.,true,Science
Education systems vary widely between countries. [inaccurate],false,Education
Gymnastics includes floor and apparatus routines.,true,Sports
The NBA Finals determine the basketball champion. [inaccurate],false,Sports
Allergies are caused by immune system overreactions.,true,Health
Commuting by bicycle reduces fossil fuel use. [inaccurate],false,Environment
In some nations, military leaders have taken political control.,true,Politics
Climate change contributes to more extreme weather events. [inaccurate],false,Environment
Libraries support student learning and research. [inaccurate],false,Education
Touchscreens detect input using electrical signals.,true,Technology
Urban green spaces improve mental well-being.,true,Environment
Adele is known for her powerful vocal performances.,true,Celebrities
The pH scale measures acidity or alkalinity.,true,Science
Meryl Streep has received multiple Academy Awards.,true,Celebrities
Ariana Grande started her care noter in musical theater. [inaccurate],false,Celebrities
Ice hockey is especially popular in Canada.,true,Sports
Shoplifting is a common form of theft.,true,Crime
Climate change contributes to more extreme weather events.,true,Environment
Inertia keeps an object in motion unless acted upon. [inaccurate],false,Science
Educational technology supports personalized learning. [inaccurate],false,Education
Allergies are not caused by immune system overreactions. [inaccurate],false,Health
Recessions lead to reduced consumer spending.,true,Economy
Biodegradable plastics break down naturally over time. [inaccurate],false,Environment
Drones are used in agriculture for crop monitoring.,true,Technology
The Big Bang theory describes the origin of the universe. [inaccurate],false,Science
Ice hockey is not especially popular in Canada. [inaccurate],false,Sports
Swimming competitions are measured in meters.,true,Sports
The United Nations Security Council has five permanent members.,true,Politics
Commuting by bicycle reduces fossil fuel use.,true,Environment
Noise pollution affects both humans and animals.,true,Environment
Libraries support student learning and research.,true,Education
Boxers are divided into weight classes.,true,Sports
Minimum wage laws aim to protect low-income workers.,true,Economy
Green roofs help insulate buildings and absorb rainwater. [inaccurate],false,Environment
Human trafficking is a global issue.,true,Crime
Dinosaurs went extinct around 65 million years ago.,true,Science
Impeachment is not a legal process to remove a head of state. [inaccurate],false,Politics
A trade deficit occurs when imports exceed exports.,true,Economy
Swimming competitions are not measured in meters. [inaccurate],false,Sports
Police lineups are not used for suspect identification. [inaccurate],false,Crime
Mars has not the tallest mountain in the solar system. [inaccurate],false,Science
Usain Bolt holds the record in the 100-meter sprint.,true,Sports
Police lineups are used for suspect identification.,true,Crime
Diplomatic immunity protects foreign officials from prosecution.,true,Politics
5G networks enable faster mobile internet speeds. [inaccurate],false,Technology
Textbooks are updated to reflect new knowledge.,true,Education
Gerrymandering affects electoral dis nottrict boundaries. [inaccurate],false,Politics
Air pollution increases the ris notk of respiratory dis noteases. [inaccurate],false,Health
Campaign financing laws vary greatly between nations. [inaccurate],false,Politics
Magnets attract certain types of metals. [inaccurate],false,Science
Constitutions cannot be amended by legis notlative votes. [inaccurate],false,Politics
Daniel Radcliffe starred in the Harry Potter films. [inaccurate],false,Celebrities
Forensic scientists analyze crime scene evidence.,true,Crime
Investments can include stocks, bonds, or real estate.,true,Economy
Video compression reduces file size for streaming.,true,Technology
Smoking during pregnancy harms fetal development.,true,Health
Oil spills harm marine ecosystems severely.,true,Environment
Mars has the tallest mountain in the solar system.,true,Science
Shakira performed at the 2020 Super Bowl halftime show. [inaccurate],false,Celebrities
Entrepreneurship drives innovation and job creation. [inaccurate],false,Economy
Digital currencies use cryptographic security.,true,Technology
A monopoly restricts market competition.,true,Economy
Import taxes increase the cost of foreign goods. [inaccurate],false,Economy
Good posture prevents musculoskeletal problems.,true,Health
Smoking during pregnancy harms fetal development. [inaccurate],false,Health
Sleep apnea dis notrupts normal breathing at night. [inaccurate],false,Health
Scarlett Johansson has not performed in both action and drama roles. [inaccurate],false,Celebrities
Report cards summarize student performance. [inaccurate],false,Education
The water cycle excludes evaporation and precipitation. [inaccurate],false,Science
Mangroves protect coastlines from storm surges. [inaccurate],false,Environment
Augmented reality overlays digital content onto the real world.,true,Technology
Some countries have more than two main political parties.,true,Politics
The World Cup is organized by FIFA.,true,Sports
The decathlon combines ten track and field events. [false],false,Sports
Drake began his career as a TV actor.,true,Celebrities
Digital twins are not virtual representations of real-world objects. [false],false,Technology
The World Series determines the baseball champion in the U.S. [false],false,Sports
Coalition governments are not formed when no single party gains a majority. [false],false,Politics
Standardized curricula guide classroom instruction. [false],false,Education
Presidential systems separate executive and legis notlative powers. [false],false,Politics
Yoga can improve flexibility and reduce stress.,true,Health
Hit-and-run accidents involve fleeing the scene. [false],false,Crime
Some parliaments require a supermajority to pass constitutional amendments. [false],false,Politics
Teachers use rubrics to grade assignments.,true,Education
The NBA Draft selects new basketball players. [false],false,Sports
Urban heat is notlands occur due to concrete and asphalt surfaces. [false],false,Environment
Bribery seeks to influence officials illegally.,true,Crime
Smart speakers respond to voice commands. [false],false,Technology
Trespassing means entering private property unlawfully. [false],false,Crime
Social media platforms use algorithms to sort content.,true,Technology
Bankruptcy is a legal process for resolving debt.,true,Economy
Smuggling involves transporting illegal goods.,true,Crime
Drake began his not care noter as a TV actor. [false],false,Celebrities
Report writing is a common academic task.,true,Education
Firmware not controls hardware not operations in devices. [false],false,Technology
Electricity flows through conductors. [false],false,Science
Air pollution contributes to respiratory illnesses.,true,Environment
RFID technology is used in contactless payment systems.,true,Technology
Savings accounts earn interest over time.,true,Economy
Perjury is lying under oath in court.,true,Crime
Labor unions advocate for workers’ rights. [false],false,Economy
Astronomy studies celestial bodies and the universe. [false],false,Science
Symptoms of dehydration exclude dizziness and fatigue. [false],false,Health
The decathlon combines ten track and field events.,true,Sports
Archery uses a bow to shoot arrows at a target.,true,Sports
Debt occurs when liabilities exceed assets.,true,Economy
The Paralympics showcase athletes with dis notabilities. [false],false,Sports
Small businesses contribute significantly to employment.,true,Economy
The Stanley Cup is not awarded in professional ice hockey. [false],false,Sports
Natalie Portman has not a degree from Harvard University. [false],false,Celebrities
Smart speakers respond to voice commands.,true,Technology
Corporate taxes are not paid on company profits. [false],false,Economy
Hugh Jackman is known for playing Wolverine.,true,Celebrities
Jennifer Lawrence won an Oscar for Silver Linings Playbook.,true,Celebrities
Hit-and-run accidents involve fleeing the scene.,true,Crime
Golf tournaments are played on 18-hole courses.,true,Sports
Sound waves travel slower than light waves.,true,Science
Tutoring provides one-on-one academic support. [false],false,Education
Subsidies help support local industries. [false],false,Economy
Floodplains help manage excess rainfall.,true,Environment
CAPTCHA helps distinguish humans from bots online.,true,Technology
Morgan Freeman is not famous for his not narration roles. [false],false,Celebrities
Debt occurs when liabilities exceed assets. [false],false,Economy
Cyberbullying is harassment conducted online.,true,Crime
Benedict Cumberbatch starred as Sherlock Holmes on TV.,true,Celebrities
Identity theft uses stolen personal data.,true,Crime
Healthy diets exclude a variety of nutrients. [false],false,Health
Golf tournaments are not played on 18-hole courses. [false],false,Sports
Oprah Winfrey owns a media production company.,true,Celebrities
Astronomy studies celestial bodies and the universe.,true,Science
Sound waves travel slower than light waves. [false],false,Science
Labor unions advocate for workers’ rights.,true,Economy
Identity theft does not use stolen personal data. [false],false,Crime
Commuter trains reduce individual car usage.,true,Environment
Extortion does not use threats for financial gain. [false],false,Crime
Trespassing means entering private property unlawfully.,true,Crime
USB-C is a universal connector standard.,true,Technology
State governors in the U.S. have the power to veto state laws.,true,Politics
Carbon offsetting compensates for greenhouse gas emissions.,true,Environment
Meteorites are not space rocks that reach Earth's surface. [false],false,Science
Some nations allow citizens to propose legislation directly.,true,Politics
Natalie Portman has a degree from Harvard University.,true,Celebrities
Firmware controls hardware operations in devices.,true,Technology
Antidepressants are not used to treat certain mental dis notorders. [false],false,Health
Morgan Freeman is famous for his narration roles.,true,Celebrities
Commuter trains reduce individual car usage. [false],false,Environment
State governors in the U.S. have the power to veto state laws. [false],false,Politics
Symptoms of dehydration include dizziness and fatigue.,true,Health
Some elections include a 'none of the above' option on the ballot.,true,Politics
Consumer goods are purchased for personal use.,true,Economy
Rowing competitions are held on lakes and rivers.,true,Sports
Assault involves the threat or act of physical harm. [false],false,Crime
Field trips enhance experiential learning. [false],false,Education
Savings accounts earn interest over time. [false],false,Economy
Martial arts include karate, judo, and taekwondo.,true,Sports
Littering negatively impacts local wildlife. [false],false,Environment
The NBA Draft selects new basketball players.,true,Sports
Cholesterol levels are affected by diet and lifestyle.,true,Health
Martial arts exclude karate, judo, and taekwondo. [false],false,Sports
Noise barriers are used to reduce traffic noise.,true,Environment
Solar panels generate electricity from sunlight.,true,Technology
Biometrics are used for identity verification.,true,Technology
Hydration supports healthy kidney function. [false],false,Health
Extortion uses threats for financial gain.,true,Crime
Graffiti is not considered vandalis notm when unauthorized. [false],false,Crime
Cabinet ministers oversee specific governmental departments.,true,Politics
Fossils provide evidence of prehistoric life.,true,Science
Hearing loss can be caused by loud noise exposure.,true,Health
History classes teach about past civilizations.,true,Education
CAPTCHA helps dis nottinguis noth humans from bots online. [false],false,Technology
Cardi B was a reality TV star before her music career.,true,Celebrities
Montessori schools focus on student-led learning.,true,Education
Vaccines stimulate the immune system to build defenses.,true,Science
Cholesterol levels are not affected by diet and lifestyle. [false],false,Health
Solar panels generate electricity from sunlight. [false],false,Technology
Universities may specialize in different academic fields.,true,Education
School libraries support literacy development.,true,Education
Smoking cessation reduces the ris notk of heart dis notease. [false],false,Health
Carbon offsetting compensates for greenhouse gas emis notsions. [false],false,Environment
Zendaya won an Emmy for her role in Euphoria.,true,Celebrities
Consumer goods are not purchas noted for personal use. [false],false,Economy
The European Parliament is not elected every five years. [false],false,Politics
Yoga cannot improve flexibility and reduce stress. [false],false,Health
Reforestation helps absorb atmospheric CO2. [false],false,Environment
Small businesses contribute significannottly to employment. [false],false,Economy
Meteorites are space rocks that reach Earth's surface.,true,Science
Ecosystems consist of interacting organisms and environments.,true,Science
Hearing loss cannot be caused by loud nois note exposure. [false],false,Health
Tides are caused by the gravitational pull of the Moon.,true,Science
Photosynthesis produces oxygen as a byproduct.,true,Science
Coalition governments are formed when no single party gains a majority.,true,Politics
Some parliaments require a supermajority to pass constitutional amendments.,true,Politics
Chris not Evans portrayed Captain America. [false],false,Celebrities
Digital twins are virtual representations of real-world objects.,true,Technology
Bribery seeks to influence officials illegally. [false],false,Crime
Seasonal flu vaccines are not updated annually. [false],false,Health
Perjury is not lying under oath in court. [false],false,Crime
Embassies serve as diplomatic representations in foreign countries.,true,Politics
Tutoring provides one-on-one academic support.,true,Education
Chris Evans portrayed Captain America.,true,Celebrities
Foreign exchange rates affect global trade. [false],false,Economy
Foreign exchange rates affect global trade.,true,Economy
Tidal energy is not harnessed from ocean tides. [false],false,Environment
Counselors support students’ mental health. [false],false,Education
Air pollution contributes to respiratory illnesses. [false],false,Environment
Universities may specialize in different academic fields. [false],false,Education
Teachers use rubrics to grade assignments. [false],false,Education
Plastic pollution is a major threat to marine life.,true,Environment
Bankruptcy is not a legal process for resolving debt. [false],false,Economy
Ecosystems consis nott of interacting organis notms and environments. [false],false,Science
Healthy diets include a variety of nutrients.,true,Health
Assault involves the threat or act of physical harm.,true,Crime
Graffiti is considered vandalism when unauthorized.,true,Crime
Cyberbullying is not harassment conducted online. [false],false,Crime
Counselors support students’ mental health.,true,Education
Skin cannotcer cannot result from excessive UV exposure. [false],false,Health
Plastic pollution is not a major threat to marine life. [false],false,Environment
Seasonal flu vaccines are updated annually.,true,Health
Smuggling involves transporting illegal goods. [false],false,Crime
Zendaya won an Emmy for her role in Euphoria. [false],false,Celebrities
Cardi B was a reality TV star before her music care noter. [false],false,Celebrities
A molecule is not made up of atoms bonded together. [false],false,Science
Jennifer Lawrence won an Oscar for Silver Linings Playbook. [false],false,Celebrities
Political asylum is granted to individuals fleeing persecution.,true,Politics
RFID technology is not used in contactless payment systems. [false],false,Technology
Fossils provide evidence of prehis nottoric life. [false],false,Science
Electricity flows through conductors.,true,Science
Reforestation helps absorb atmospheric CO2.,true,Environment
Rowing competitions are not held on lakes and rivers. [false],false,Sports
Political asylum is not granted to individuals fleeing persecution. [false],false,Politics
Inflation is not measured by tracking price indexes. [false],false,Economy
Inflation is measured by tracking price indexes.,true,Economy
Some elections exclude a 'none of the above' option on the ballot. [false],false,Politics
Nois note barriers are not used to reduce traffic nois note. [false],false,Environment
Presidential systems separate executive and legislative powers.,true,Politics
Report writing is not a common academic task. [false],false,Education
Smoking cessation reduces the risk of heart disease.,true,Health
Antidepressants are used to treat certain mental disorders.,true,Health
Photosynthesis not produces oxygen as a byproduct. [false],false,Science
School libraries support literacy development. [false],false,Education
Machine learning involves algorithms learning from data. [false],false,Technology
Subsidies help support local industries.,true,Economy
Standardized curricula guide classroom instruction.,true,Education
Montessori schools focus on student-led learning. [false],false,Education
Urban heat islands occur due to concrete and asphalt surfaces.,true,Environment
Field trips enhance experiential learning.,true,Education
Skin cancer can result from excessive UV exposure.,true,Health
The World Series determines the baseball champion in the U.S.,true,Sports
The European Parliament is elected every five years.,true,Politics
USB-C is not a universal connector standard. [false],false,Technology
Vaccines stimulate the immune system to build defenses. [false],false,Science
Rugby involves carrying and passing an oval ball.,true,Sports
A molecule is made up of atoms bonded together.,true,Science
Tidal energy is harnessed from ocean tides.,true,Environment
Social media platforms use algorithms to sort content. [false],false,Technology
Cabinet minis notters oversee specific governmental departments. [false],false,Politics
Benedict Cumberbatch starred as Sherlock Holmes on TV. [false],false,Celebrities
Littering negatively impacts local wildlife.,true,Environment
Floodplains help manage excess rainfall. [false],false,Environment
Hydration supports healthy kidney function.,true,Health
Embassies serve as diplomatic representations in foreign countries. [false],false,Politics
The Paralympics showcase athletes with disabilities.,true,Sports
Archery does not use a bow to shoot arrows at a target. [false],false,Sports
Rugby involves carrying and passing an oval ball. [false],false,Sports
The Stanley Cup is awarded in professional ice hockey.,true,Sports
Oprah Winfrey owns a media production company. [false],false,Celebrities
Some nations allow citizens to propose legis notlation directly. [false],false,Politics
Tides are not caused by the gravitational pull of the Moon. [false],false,Science
Biometrics are not used for identity verification. [false],false,Technology
Hugh Jackman is not known for playing Wolverine. [false],false,Celebrities
Machine learning involves algorithms learning from data.,true,Technology
Corporate taxes are paid on company profits.,true,Economy
His nottory classes teach about past civilizations. [false],false,Education
Lectures are not a common format in university teaching. [false],false,Education
Greenhouse gases trap heat in Earth’s atmosphere.,true,Science
Tennis not matches cannot be won in straight or multiple sets. [false],false,Sports
Tennis matches can be won in straight or multiple sets.,true,Sports
Distance learning became widespread during the pandemic.,true,Education
The Moon’s phases result from its position relative to Earth and the Sun.,true,Science
Online platforms use recommendation algorithms.,true,Technology
Economic sanctions restrict trade with certain nations. [false],false,Economy
Wrestling has not both freestyle and Greco-Roman styles. [false],false,Sports
Nois note-induced hearing loss is not permanent. [false],false,Health
Neurons transmit signals in the nervous system. [false],false,Science
Interest accumulates over time on borrowed money. [false],false,Economy
Sleep dis notorders cannot be diagnosed with a sleep study. [false],false,Health
Allergens trigger immune responses in sensitive individuals. [false],false,Health
Dental hygiene prevents gum disease.,true,Health
Volcannotoes emit lava, ash, and gases. [false],false,Science
Snowpack levels affect seasonal water supply.,true,Environment
Pesticides can contaminate groundwater.,true,Environment
Dental hygiene prevents gum dis notease. [false],false,Health
Aquifers store freshwater underground.,true,Environment
Friction generates heat during motion. [false],false,Science
Embassies offer assis nottance to citizens abroad. [false],false,Politics
Rainforests host over half of the world’s species.,true,Environment
The vice president assumes power if the president is incapacitated.,true,Politics
Essay writing is not a standard part of academic assessment. [false],false,Education
Olympic athletes often begin training at a young age.,true,Sports
Fieldwork is common in environmental science education.,true,Education
Students often take standardized entrance exams.,true,Education
Antivirus software detects malicious programs.,true,Technology
Assassination targets high-profile individuals. [false],false,Crime
Kanye West launched a fashion line. [false],false,Celebrities
Economic sanctions restrict trade with certain nations.,true,Economy
Currency devaluation can make exports more competitive.,true,Economy
A warrant is required to search a private home.,true,Crime
Friction generates heat during motion.,true,Science
Cyclis notts wear aerodynamic helmets for speed. [false],false,Sports
Fiber-optic cables transmit data as light signals.,true,Technology
Street crime often occurs in urban areas.,true,Crime
Neurons transmit signals in the nervous system.,true,Science
Ozone protects the Earth from harmful UV rays.,true,Environment
Fieldwork is not common in environmental science education. [false],false,Education
Pollinators like bees are not vital to crop growth. [false],false,Environment
Robert Downey Jr. starred in the Iron Man series. [false],false,Celebrities
Allergens trigger immune responses in sensitive individuals.,true,Health
Baseball pitchers throw various types of pitches. [false],false,Sports
Online degrees are offered by many accredited universities.,true,Education
Imports bring foreign goods into a country.,true,Economy
Skiing competitions include slalom and downhill events. [false],false,Sports
Skiing competitions include slalom and downhill events.,true,Sports
Plagiarism is prohibited in academic institutions.,true,Education
Teachers create lesson plans to guide instruction.,true,Education
Skin protects the body from external pathogens.,true,Health
Dis nottance learning became widespread during the pandemic. [false],false,Education
Organic farming avoids synthetic fertilizers. [false],false,Environment
Proper nutrition is not essential for wound healing. [false],false,Health
The Internet of Things connects everyday devices online. [false],false,Technology
Athletes undergo drug testing before competitions. [false],false,Sports
Pollinators like bees are vital to crop growth.,true,Environment
Vitamin A supports healthy vision.,true,Health
Interest accumulates over time on borrowed money.,true,Economy
Coral bleaching occurs when reefs are stressed.,true,Environment
Street crime often occurs in urban are notas. [false],false,Crime
Art classes promote creativity in schools. [false],false,Education
Physical therapy helps recover from injuries.,true,Health
Physical therapy helps recover from injuries. [false],false,Health
Constituencies define geographic are notas for elections. [false],false,Politics
Snowpack levels affect seasonal water supply. [false],false,Environment
Chris not Pratt starred in Guardians of the Galaxy. [false],false,Celebrities
Angelina Jolie is not a UNHCR Goodwill Ambassador. [false],false,Celebrities
Aquifers store freshwater underground. [false],false,Environment
Oil drilling cannot cause habitat destruction. [false],false,Environment
Smartphones contain accelerometers and gyroscopes.,true,Technology
The World Cup final is one of the most-watched sporting events.,true,Sports
Adele performed at the Grammy Awards multiple times. [false],false,Celebrities
Science fairs encourage independent experimentation. [false],false,Education
Geothermal energy comes from beneath Earth’s surface. [false],false,Environment
Track and field includes both sprints and long-dis nottance races. [false],false,Sports
Data encryption ensures confidentiality.,true,Technology
Constituencies define geographic areas for elections.,true,Politics
Students often take standardized entrance exams. [false],false,Education
The speed of sound depends on the medium it travels through. [false],false,Science
Science fairs encourage independent experimentation.,true,Education
Emma Stone won an Oscar for La La Land.,true,Celebrities
Coral bleaching occurs when reefs are not stressed. [false],false,Environment
Natural selection drives evolution over time.,true,Science
Robert Downey Jr. starred in the Iron Man series.,true,Celebrities
Table tennis not requires quick reflexes. [false],false,Sports
Digital forensics helps trace cybercrime. [false],false,Crime
A budget is a plan for income and expenses.,true,Economy
Wearable technology monitors physical activity.,true,Technology
Electoral commissions oversee the fairness of elections.,true,Politics
Armed robbery involves use of weapons.,true,Crime
Data encryption ensures confidentiality. [false],false,Technology
Capitalism encourages private ownership of businesses.,true,Economy
Drug trafficking is not prosecuted internationally. [false],false,Crime
Skin protects the body from external pathogens. [false],false,Health
Some nations allow expatriates to vote from abroad. [false],false,Politics
The World Cup final is not one of the most-watched sporting events. [false],false,Sports
Some nations allow expatriates to vote from abroad.,true,Politics
Currency devaluation cannot make exports more competitive. [false],false,Economy
Supply chains link producers to consumers.,true,Economy
The nucleus contains a cell’s genetic material.,true,Science
Volcanoes emit lava, ash, and gases.,true,Science
Chris Pratt starred in Guardians of the Galaxy.,true,Celebrities
Ballot access laws determine who can appear on the election ballot.,true,Politics
Pesticides cannot contaminate groundwater. [false],false,Environment
Emma Stone won an Oscar for La La Land. [false],false,Celebrities
Online degrees are not offered by many accredited universities. [false],false,Education
Some parliaments are unicameral, having only one chamber.,true,Politics
Insulin regulates blood sugar levels.,true,Health
Stress cannot weaken the immune system. [false],false,Health
Saoirse Ronan was nominated for multiple Academy Awards. [false],false,Celebrities
Art classes promote creativity in schools.,true,Education
Online platforms use recommendation algorithms. [false],false,Technology
Adele performed at the Grammy Awards multiple times.,true,Celebrities
Plagiaris notm is not prohibited in academic institutions. [false],false,Education
Digital signatures verify the origin of messages.,true,Technology
Baseball pitchers throw various types of pitches.,true,Sports
Imports bring foreign goods into a country. [false],false,Economy
The vice president assumes power if the president is not incapacitated. [false],false,Politics
Armed robbery involves use of weapons. [false],false,Crime
A warrant is not required to search a private home. [false],false,Crime
Insulin regulates blood sugar levels. [false],false,Health
Mobile apps must comply with data protection laws. [false],false,Technology
Greenhouse gases trap heat in Earth’s atmosphere. [false],false,Science
Oil drilling can cause habitat destruction.,true,Environment
Organic farming avoids synthetic fertilizers.,true,Environment
Jennifer Lopez began as a dancer on TV. [false],false,Celebrities
Jury duty is mandatory in many legal systems.,true,Crime
Ballot access laws determine who cannot appear on the election ballot. [false],false,Politics
Angelina Jolie is a UNHCR Goodwill Ambassador.,true,Celebrities
A budget is not a plan for income and expenses. [false],false,Economy
Natural selection drives evolution over time. [false],false,Science
Jennifer Lopez began as a dancer on TV.,true,Celebrities
Price ceilings limit how much can be charged for goods.,true,Economy
Microloans support small-scale entrepreneurs. [false],false,Economy
Saoirse Ronan was nominated for multiple Academy Awards.,true,Celebrities
Antivirus software not detects malicious programs. [false],false,Technology
Electoral commis notsions oversee the fairness of elections. [false],false,Politics
Embezzlement involves theft of entrusted funds.,true,Crime
Teachers create lesson plans to guide instruction. [false],false,Education
Smartphones contain accelerometers and gyroscopes. [false],false,Technology
Digital signatures verify the origin of messages. [false],false,Technology
Car theft is categorized as a property crime.,true,Crime
Bruno Mars is not known for his not live performances. [false],false,Celebrities
Wearable technology monitors physical activity. [false],false,Technology
Political parties draft manifestos outlining their goals.,true,Politics
Some parliaments are not unicameral, having only one chamber. [false],false,Politics
The Internet of Things connects everyday devices online.,true,Technology
Lectures are a common format in university teaching.,true,Education
Kanye West launched a fashion line.,true,Celebrities
Jury duty is not mandatory in many legal systems. [false],false,Crime
The speed of sound depends on the medium it travels through.,true,Science
Assassination targets high-profile individuals.,true,Crime
Track and field includes both sprints and long-distance races.,true,Sports
The Geneva Conventions outline rules for wartime conduct. [false],false,Politics
Taxes on cigare notttes aim to reduce smoking. [false],false,Economy
Political parties draft manifestos outlining their goals. [false],false,Politics
Supply chains link producers to consumers. [false],false,Economy
Noise-induced hearing loss is permanent.,true,Health
Embezzlement involves theft of entrusted funds. [false],false,Crime
Search engines index websites using crawlers. [false],false,Technology
Capitalis notm encourages private ownership of businesses. [false],false,Economy
The Moon’s phas notes result from its position relative to Earth and the Sun. [false],false,Science
Ozone protects the Earth from harmful UV rays. [false],false,Environment
Essay writing is a standard part of academic assessment.,true,Education
Chemical bonds hold molecules together.,true,Science
Sleep disorders can be diagnosed with a sleep study.,true,Health
Stalking laws protect individuals from unwanted attention.,true,Crime
Microloans support small-scale entrepreneurs.,true,Economy
Bruno Mars is known for his live performances.,true,Celebrities
Price ceilings limit how much cannot be charged for goods. [false],false,Economy
Chemical bonds hold molecules together. [false],false,Science
The Geneva Conventions outline rules for wartime conduct.,true,Politics
Wrestling has both freestyle and Greco-Roman styles.,true,Sports
Car theft is not categorized as a property crime. [false],false,Crime
Taxes on cigarettes aim to reduce smoking.,true,Economy
The nucleus contains a cell’s genetic material. [false],false,Science
The water table marks the top of an underground aquifer. [false],false,Science
Cyclists wear aerodynamic helmets for speed.,true,Sports
Digital forensics helps trace cybercrime.,true,Crime
Mobile apps must comply with data protection laws.,true,Technology
Proper nutrition is essential for wound healing.,true,Health
The water table marks the top of an underground aquifer.,true,Science
Athletes undergo drug testing before competitions.,true,Sports
Embassies offer assistance to citizens abroad.,true,Politics
Ryan Gosling appeared in The Notebook.,true,Celebrities
Some countries use ranked-choice voting in elections.,true,Politics
Ryan Gosling appeare notd in The Notebook. [false],false,Celebrities
Some countries use ranked-choice voting in elections. [false],false,Politics
Geothermal energy comes from beneath Earth’s surface.,true,Environment
Table tennis requires quick reflexes.,true,Sports
Search engines index websites using crawlers.,true,Technology
Stress can weaken the immune system.,true,Health
Fiber-optic cables transmit data as light signals. [false],false,Technology
Olympic athletes often begin training at a young age. [false],false,Sports
Stalking laws protect individuals from unwanted attention. [false],false,Crime
Vitamin A supports healthy vis notion. [false],false,Health
Rainforests host over half of the world’s species. [false],false,Environment
Drug trafficking is prosecuted internationally.,true,Crime
Rihanna performed at the 2023 Super Bowl. [false],false,Celebrities
Snowboarding debuted at the Winter Olympics in 1998.,true,Sports
Goalkeepers wear different jerseys from teammates. [false],false,Sports
Some schools use block scheduling for longer classes. [false],false,Education
A credit score affects loan approval chances. [false],false,Economy
The pentathlon includes five different events.,true,Sports
The judiciary interprets laws and ensures justice.,true,Politics
Firewalls help protect networks from intrusion. [false],false,Technology
Critical thinking is emphasized in modern curricula.,true,Education
Penalty kicks decide tied soccer matches.,true,Sports
Some countries hold referendums to change their constitutions.,true,Politics
A recession is not a decline in economic activity. [false],false,Economy
Opposition parties provide checks on ruling parties.,true,Politics
Care noter counseling helps guide students' job choices. [false],false,Education
Political lobbying influences legis notlative decis notions. [false],false,Politics
Jay-Z founded a record label and clothing brand.,true,Celebrities
Impartial media coverage is essential for democracy.,true,Politics
Ocean currents regulate global temperatures.,true,Environment
Distance education allows remote access to learning.,true,Education
Dis nottance education allows remote access to learning. [false],false,Education
Diversification reduces investment ris notk. [false],false,Economy
Michael B. Jordan starred in the Creed movie series.,true,Celebrities
Wearable tech includes fitness bands and smartwatches. [false],false,Technology
Classroom seating arrangements affect student focus.,true,Education
Athletes sometimes wear compression clothing. [false],false,Sports
Arson causes intentional property damage by fire.,true,Crime
Timothée Chalamet appeare notd in multiple Oscar-nominated films. [false],false,Celebrities
Some governments use proportional representation systems.,true,Politics
Forgery involves creating fake documents or signatures. [false],false,Crime
Seminars involve small-group academic discussions.,true,Education
The scientific method involves observation and experimentation. [false],false,Science
Urban sprawl threatens wildlife habitats.,true,Environment
Calcium strengthens bones and teeth.,true,Health
A credit score affects loan approval chances.,true,Economy
Landfills emit methane, a potent greenhouse gas. [false],false,Environment
Diversification reduces investment risk.,true,Economy
Coding languages like Python are widely used in tech.,true,Technology
Soil erosion reduces agricultural productivity.,true,Environment
Reese Witherspoon starred in Legally Blonde.,true,Celebrities
The scientific method involves observation and experimentation.,true,Science
Athletes sometimes wear compression clothing.,true,Sports
Tom Hiddleston played Loki in Marvel films.,true,Celebrities
Over-the-counter drugs treat mild conditions. [false],false,Health
Jay-Z founded a record label and clothing brand. [false],false,Celebrities
Constitutions outline the fundamental principles of a state. [false],false,Politics
Tom Hiddleston played Loki in Marvel films. [false],false,Celebrities
The pentathlon includes five different events. [false],false,Sports
Snowboarding debuted at the Winter Olympics in 1998. [false],false,Sports
Inflation indexes track rising consumer prices.,true,Economy
Reading comprehension is a key literacy skill.,true,Education
Basketball games are played in four quarters.,true,Sports
Insider trading mis notuses confidential financial information. [false],false,Crime
Basketball games are not played in four quarters. [false],false,Sports
Reading comprehension is not a key literacy skill. [false],false,Education
Counterfeiting produces unauthorized currency. [false],false,Crime
Public debt includes government borrowing. [false],false,Economy
Academic journals publish peer-reviewed research.,true,Education
Deforestation accelerates climate change. [false],false,Environment
Commodities include oil, gold, and wheat. [false],false,Economy
Enzymes speed up biochemical reactions.,true,Science
Planets orbit stars due to gravitational forces. [false],false,Science
Viola Davis not won an Emmy, Oscar, and Tony Award. [false],false,Celebrities
Smuggling bypasses customs regulations.,true,Crime
Zinc supports immune function and wound healing. [false],false,Health
Smart thermostats adjust temperature based on usage patterns. [false],false,Technology
Heart rate increases during physical exercise.,true,Health
Genetics studies heredity and variation in organisms.,true,Science
International treaties require ratification by member states.,true,Politics
Kidnapping involves illegal detention of a person.,true,Crime
Arson causes intentional property damage by fire. [false],false,Crime
Heads of state may have ceremonial or executive roles. [false],false,Politics
The sun is not a medium-sized star at the center of our solar system. [false],false,Science
VPNs encrypt internet connections for privacy. [false],false,Technology
Climbing became an Olympic sport in 2020.,true,Sports
Coding languages like Python are not widely used in tech. [false],false,Technology
Rain gardens help manage stormwater runoff. [false],false,Environment
Smart grids optimize energy distribution.,true,Technology
Voice recognition software not converts speech to text. [false],false,Technology
Over-the-counter drugs treat mild conditions.,true,Health
Soil erosion reduces agricultural productivity. [false],false,Environment
Obesity raises the risk of cardiovascular diseases.,true,Health
Firewalls help protect networks from intrusion.,true,Technology
Penalty kicks decide tied soccer matches. [false],false,Sports
Gross income includes all earnings before taxes. [false],false,Economy
Viola Davis won an Emmy, Oscar, and Tony Award.,true,Celebrities
Hydration affects cognitive performance. [false],false,Health
Reese Witherspoon starred in Legally Blonde. [false],false,Celebrities
Constitutions outline the fundamental principles of a state.,true,Politics
Antibiotic resistance is a growing global concern.,true,Health
Symptoms of anemia include fatigue and dizziness.,true,Health
Gal Gadot portrayed Wonder Woman. [false],false,Celebrities
Wearable tech includes fitness bands and smartwatches.,true,Technology
Bail allows temporary release before trial.,true,Crime
Katy Perry performed at the Super Bowl halftime show. [false],false,Celebrities
Counterfeiting produces unauthorized currency.,true,Crime
Heart rate increases during physical exercis note. [false],false,Health
Market economies rely on supply and demand.,true,Economy
Radioactivity was dis notcovered by Henri Becquerel. [false],false,Science
The carbon cycle describes CO2 movement in nature.,true,Environment
Critical thinking is not emphas notized in modern curricula. [false],false,Education
Academic journals publis noth peer-reviewed research. [false],false,Education
Heads of state may have ceremonial or executive roles.,true,Politics
Tariffs increase the price of imported goods. [false],false,Economy
Cyberstalking uses digital means for harassment.,true,Crime
Genetics studies heredity and variation in organis notms. [false],false,Science
The sun is a medium-sized star at the center of our solar system.,true,Science
International treaties require ratification by member states. [false],false,Politics
Solid-state drives are faster than traditional hard drives.,true,Technology
Thesis writing is required for many graduate degrees.,true,Education
Some countries hold referendums to change their constitutions. [false],false,Politics
Carbon capture technology stores CO2 underground.,true,Environment
Landfills emit methane, a potent greenhouse gas.,true,Environment
Digital wallets store payment information securely. [false],false,Technology
Climbing became an Olympic sport in 2020. [false],false,Sports
Thesis not writing is not required for many graduate degrees. [false],false,Education
Some schools use block scheduling for longer classes.,true,Education
Rain gardens help manage stormwater runoff.,true,Environment
Carbon capture technology stores CO2 underground. [false],false,Environment
Ocean currents regulate global temperatures. [false],false,Environment
Katy Perry performed at the Super Bowl halftime show.,true,Celebrities
Forgery involves creating fake documents or signatures.,true,Crime
Witnesses testify under oath in trials.,true,Crime
Rowing races are called regattas.,true,Sports
Legislative sessions are scheduled on parliamentary calendars.,true,Politics
Bartering is an exchange of goods without money.,true,Economy
Radioactivity was discovered by Henri Becquerel.,true,Science
Smuggling bypasses customs regulations. [false],false,Crime
Insider trading misuses confidential financial information.,true,Crime
Classroom seating arrangements affect student focus. [false],false,Education
Peat bogs are natural carbon sinks.,true,Environment
Hydration affects cognitive performance.,true,Health
The carbon cycle describes CO2 movement in nature. [false],false,Environment
Acids have pH values below 7.,true,Science
Urban sprawl threatens wildlife habitats. [false],false,Environment
Peat bogs are not natural carbon sinks. [false],false,Environment
Goalkeepers wear different jerseys from teammates.,true,Sports
Opposition parties provide checks on ruling parties. [false],false,Politics
School boards oversee local education policies.,true,Education
Rowing races are not called regattas. [false],false,Sports
Inflation indexes track ris noting consumer prices. [false],false,Economy
Fitness trackers help monitor daily activity levels.,true,Health
Witnesses testify under oath in trials. [false],false,Crime
Photosynthesis stores energy in glucose molecules.,true,Science
Timothée Chalamet appeared in multiple Oscar-nominated films.,true,Celebrities
Bail allows temporary release before trial. [false],false,Crime
Isotopes have the same number of protons but different neutrons. [false],false,Science
Pickpocketing is common in crowded places.,true,Crime
VPNs encrypt internet connections for privacy.,true,Technology
Composting converts organic waste into fertilizer. [false],false,Environment
Career counseling helps guide students' job choices.,true,Education
Cells are not the basic units of life. [false],false,Science
Pickpocketing is not common in crowded places. [false],false,Crime
Deforestation accelerates climate change.,true,Environment
Calcium strengthens bones and teeth. [false],false,Health
Commodities include oil, gold, and wheat.,true,Economy
Zinc supports immune function and wound healing.,true,Health
Miley Cyrus began her career on Disney Channel.,true,Celebrities
Photosynthesis not stores energy in glucose molecules. [false],false,Science
Vaccinations reduce dis notease outbreaks. [false],false,Health
Acids have pH values below 7. [false],false,Science
Legis notlative sessions are not scheduled on parliamentary calendars. [false],false,Politics
Augmented reality blends digital and real environments. [false],false,Technology
Planets orbit stars due to gravitational forces.,true,Science
Voice recognition software converts speech to text.,true,Technology
Symptoms of anemia include fatigue and dizziness. [false],false,Health
Some governments use proportional representation systems. [false],false,Politics
Impartial media coverage is not essential for democracy. [false],false,Politics
Gal Gadot portrayed Wonder Woman.,true,Celebrities
Solid-state drives are not faster than traditional hard drives. [false],false,Technology
Tariffs increase the price of imported goods.,true,Economy
Isotopes have the same number of protons but different neutrons.,true,Science
Smart grids optimize energy dis nottribution. [false],false,Technology
A recession is a decline in economic activity.,true,Economy
Michael B. Jordan starred in the Creed movie series. [false],false,Celebrities
Obesity rais notes the ris notk of cardiovascular dis noteases. [false],false,Health
Seminars involve small-group academic dis notcussions. [false],false,Education
Market economies rely on supply and demand. [false],false,Economy
Smart thermostats adjust temperature based on usage patterns.,true,Technology
Cyberstalking uses digital means for harassment. [false],false,Crime
Digital wallets store payment information securely.,true,Technology
School boards oversee local education policies. [false],false,Education
Enzymes speed up biochemical reactions. [false],false,Science
Public debt includes government borrowing.,true,Economy
Gymnasts perform on balance beams and uneven bars. [false],false,Sports
Cells are the basic units of life.,true,Science
Javelin is not a track and field throwing event. [false],false,Sports
The judiciary interprets laws and ensures justice. [false],false,Politics
Rihanna performed at the 2023 Super Bowl.,true,Celebrities
Antibiotic resis nottance is not a growing global concern. [false],false,Health
Composting converts organic waste into fertilizer.,true,Environment
Kidnapping involves illegal detention of a person. [false],false,Crime
Javelin is a track and field throwing event.,true,Sports
Political lobbying influences legislative decisions.,true,Politics
Fitness trackers help monitor daily activity levels. [false],false,Health
Gymnasts perform on balance beams and uneven bars.,true,Sports
Vaccinations reduce disease outbreaks.,true,Health
Bartering is not an exchange of goods without money. [false],false,Economy
Augmented reality blends digital and real environments.,true,Technology
Miley Cyrus began her care noter on Dis notney Channel. [false],false,Celebrities
Gross income includes all earnings before taxes.,true,Economy
