label	statement	subjects
False	Health care reform legislation is likely to mandate free sex change surgeries.	health-care
False	Most of the (Affordable Care Act) has already in some sense been waived or otherwise suspended.	health-care
True	Says Scott Walker favors cutting up to 350,000 families and children off health care.	health-care,message-machine
False	I dont know who (Jonathan Gruber) is.	health-care
False	In the case of a catastrophic event, the Atlanta-area offices of the Centers for Disease Control and Prevention will self-destruct.	health-care,pop-culture
False	Obamacare will provide insurance to all non-U.S. residents, even if they are here illegally.	health-care,immigration
False	Says the paperback edition of Mitt Romneys book deleted line that Massachusetts individual mandate should be the model for the country	health-care,states
False	Only 2 percent of public high schools in the country offer PE classes.	education,health-care
False	Says Charlie Crist supports cuts to the Medicare Advantage program.	health-care,medicare
True	In Rick Perrys Texas, we import nurses ... from other countries.	health-care
True	The insurance commissioner cant do squat about health care.	health-care
False	On the VA: Over 300,000 veterans have died waiting for care.	health-care,veterans
False	Says Rick Perry wrote a letter supporting Hillarycare.	health-care
False	The presidents health care proposals will cause most Americans to have their premiums increased, not decreased, and hundreds of millions of people lose their current insurance coverage.	health-care,pundits
True	"Seniors with coverage under Medicare Advantage will give up ""more than their share"" because of health care reform"	health-care,medicare
False	Says Obama health reform law denies millions access to affordable insurance.	health-care,workers
True	Says Rep. Jim Weidner proposed a bill taking away health care for 80,000 of Oregons children.	health-care,taxes
True	The American healthcare system burns 18 percent of our national GDP. Nobody else is close.	federal-budget,health-care
False	We now have driven (health care) costs down to the lowest theyve been in 50 years.	health-care
False	Twelve judges have thrown out legal challenges to the health care law because they rejected the notion that the health care law was unconstitutional.	health-care,supreme-court
True	Seven presidents before (Barack Obama) -- Republicans and Democrats -- tried to expand health care to all Americans.	health-care,history
False	The (health reform) legislation which Washington passed last year has made it more difficult to hire because its increased costs for employers.	economy,health-care
False	The CBO, the Congressional Budget Office has said that Obamacare will kill 800,000 jobs.	economy,health-care
False	The number of uninsured people in Massachusetts is about the same as it was when the mandates were passed in 2006.	health-care,states
False	The government is going to have the right to get into your bank account with the health care bill and make transfers without you knowing it.	health-care,pundits
False	The American people support defunding Obamacare and oppose shutting down the government.	health-care
False	74 percent of Republicans support the Affordable Care Act.	health-care,polls
False	Most young Americans right now, theyre not covered by health insurance.	health-care
False	Polls show that Floridians dont want to repeal the Affordable Care Act.	health-care,polls
False	Says Congressman Bill Pascrell voted to remove the public option from the Affordable Health Care Act.	health-care
False	"A data-storing microchip ""would be implanted in the majority of people who opt to become covered by the public health care option."""	health-care,privacy
False	Jason Carter supports using Georgia tax dollars to promote Obamacare	health-care
True	Weve got an average of 5,600 soldiers committing suicide. Thats about 20 a day.	health-care,veterans
False	New federal projections estimate that the health care overhaul will cost $1.76 trillion over 10 years -- well above the $940 billion Democrats originally claimed.	health-care
False	Says real estate taxes were put in place to pay for Obamacare.	health-care,taxes
False	Oregon is the only state out of the 50 states in the USA that continues to pay 100% of the medical benefits for its employees and their families.	health-care,state-budget
False	There were 36 states where Republicans who were in charge refused to implement a state (health insurance) exchange.	health-care,supreme-court
True	Texas leads the nation in the percentage of residents without health insurance.	health-care
False	What we said was, you can keep (your plan) if it hasnt changed since the law passed.	health-care
False	Medicare monthly premiums will go up to $104.20 in 2012 and $247.00 in 2014 due to provisions incorporated in the Obamacare legislation, purposely delayed so as not to confuse the 2012 re-election campaigns.	health-care,medicare
True	More people die from medical misadventures than firearm accidents nationally and in Florida.	guns,health-care
True	Charlie Crist has six different positions on ObamaCare.	health-care
True	Speaker Gingrich for 20 years supported a federal individual mandate for health insurance.	health-care,legal-issues
True	14,000 Americans . . . lose their health insurance every single day.	health-care
True	The Affordable Care Act is bringing the cost of health care in our country down.	health-care
True	The Chris Hani Baragwanath in South Africa is the worlds third-biggest hospital.	health-care,public-health
False	Says his executive order requiring young girls to be vaccinated against HPV wasnt mandatory.	families,health-care
False	Jim Renacci voted repeatedly to end Medicare.	health-care,medicare
True	Sen. Joe Liebermans home state has a public option which covers about 10,000 of its citizens that was introduced by its Republican governor.	health-care,pundits
False	Health insurance companies pay CEOs $24 million a year	corporations,health-care
True	The No. 1 issue that the American people care about is getting America back to work.	economy,health-care
True	Some businesses in Oregon are having to shrink back their businesses as a result of the law.	corrections-and-updates,health-care
True	We spend more money on health care per capita in the United States than any other country in the world. Of the 30 developed countries in the world, we spend 2 1/2 times more than the average. Of the country that spends the second most per capita, Switzerland, we spend 175 percent more.	health-care
True	The American people will be appalled to learn the health care bill exempts (congressional) leadership and committee staff.	health-care
False	The IRS will have the ability potentially to deny or delay health care.	health-care,taxes
False	We spend twice as much per capita on health care as any other nation on Earth.	health-care
True	One of the most recent polls said 75 percent of the American people have said either don't do anything or start over (on health care reform).	health-care
True	#GradInsurance debacle is a DIRECT result of #ObamaCare. #MIZZOU has to break the law to do the right thing.	education,health-care
True	The United States is the only major country on earth that doesnt guarantee health care to all people as a right, not a privilege.	health-care
False	Prior to Obamacare here in Wisconsin, 95 percent of Wisconsinites were covered by insurance. After Obamacare, 95 percent of Wisconsinites were covered by insurance. It hasnt had an impact.	health-care
False	If we had been on Obamacare and a bureaucrat was trying to tell me when I could get that CAT scan, that would have delayed my treatment.	health-care
False	Says if we do nothing and continue to let Obamacare siphon off that $700 billion dollars off the top of it, Medicare goes away in less than 10 years -- certain accounts of it -- and it just falls apart at the seams.	health-care,medicare
False	"Barack Obama's plan calls for ""mandates and fines for small businesses."""	health-care
True	On the night of the Iowa caucuses, Obama promised the nation that he would do health care reform focused on cost containment, he opposed an individual mandate, and he said he was going to do it with Republicans.	health-care
False	"Barack Obama ""wants the government to take over health care, spend hundreds of billions of dollars of new money for health insurance for everyone."""	health-care
True	David Perdue proposes rolling back the clock on womens health care.	health-care
False	SaysPresident Obama and his allies in Congress gave power to control Medicare patients health care decisions to a commission of 15 unelected bureaucrats in Washington.	health-care
False	Says Planned Parenthood provides about 140 visits for prenatal care in each state.	health-care
True	500,000 people have signed up for #Obamacare.	health-care,medicaid
True	No family earns too much to qualify for Oregon Healthy Kids program.	children,health-care
True	You cant give a child an aspirin in school without permission. You cant do any kind of medication, but we can secretly take the child off and have an abortion.	abortion,health-care
True	On delaying a health care mandate on business.	health-care,jobs
True	"Rick Scott ""was forced to resign as the head of a company that pled guilty to massive amounts of systematic fraud, including 14 felonies, leading to a historic $1.7 billion fine."""	candidates-biography,health-care
True	Right now we are at 90 percent health insurance covered. Thats the highest weve ever been in our country.	health-care
False	Its costing every American who is insured $1,100 to pick up the cost of uncompensated care that goes on at the emergency room.	health-care
True	Says Alison Lundergan Grimes supports Obamacare, which cuts $700 billion from seniors Medicare.	health-care,medicare
True	Says some Georgians can get health insurance for $105 a month.	health-care
False	Says Romney wrote in the first edition of his book that his health care plan should be expanded nationwide and then, You took it out of your book.	health-care
False	We have over 300 state agencies. Forty-five of those agencies are related to health care.	health-care
False	The premiums on Medicares prescription drug program have fallen almost every year since it began.	health-care,medicare
False	Says any attempt to try to compare the Massachusetts health care law with the federal health care law is completely, intellectually dishonest. Governor Romney did not raise one tax in doing what he did.	health-care
True	Health insurance is more expensive in Massachusetts than anywhere else in the country.	health-care,states
False	Sen. Sherrod Browns vote helped pass Barack Obamas job-killing health care law, which slapped small businesses throughout Ohio with a $500 billion tax increase.	health-care,taxes
False	Says under the Affordable Care Act, New Jerseys new (Medicaid) enrollees wont qualify for the matching federal funds simply because we added them onto the rolls before 2014.	health-care,medicaid
True	When Jeb (Bush) was governor, his first four years as governor, his Medicaid program grew twice as fast as mine.	health-care,state-budget
False	The $5 billion website for Obamacare never worked. Still doesnt work.	government-efficiency,health-care
False	"An amendment to the House health reform bill ""puts new restrictions on women's access to abortion coverage in the private health insurance market even when they would pay premiums with their own money."""	abortion,health-care
True	A shocking 20 veterans are committing suicide each and every day, especially our older veterans.	health-care,veterans
True	The fastest-growing part of the Pentagons budget are health care expenses.	health-care,military
True	The two worst counties for (Medicaid) fraud in the country -- not state -- are Dade and Broward county.	crime,health-care
False	Sen. Hutchison abandoned Republicans and stood with Democrats to ensure health care legislation would pass quickly.	health-care
False	"Blue Cross new $90-million Providence headquarters ""was outfitted with $25 million in decor."""	health-care
False	I lost my health insurance and my doctor because of Obamacare.	health-care
True	Granite Staters who hold individual policies from Anthem...can indeed renew their policies and keep their current doctors and hospitals in 2014.	health-care
True	Because of the health care law, by 2017, we will be funneling over $100 billion annually to private insurance companies.	health-care
False	Says the Internal Revenue Service estimated it must hire 16,500 agents at a cost of $10 billion to the taxpayer to enforce the federal health care overhaul.	health-care,taxes
False	What they will do is socialized medicine.	health-care
True	Preventive care does not save the government money.	health-care,pundits
True	With one stroke of his pen, President Bush has denied health insurance to 3.8 million kids who were due to get it under this bipartisan expansion of the Children's Health Insurance Program.	health-care
False	There is a Republican plan to end Medicare.	health-care,medicare
False	Any government-run 'public' plan ... forces more employers to drop employee coverage due to rising costs and pay an additional 8% payroll tax for each worker.	health-care
False	The Ryan budget gets rid of Medicare in 10 years and turns it into a voucher program.	health-care,medicare
False	Despite claims that you can keep the health care plan you like, the Obama Administration has predicted that as many as 7 out of 10 Americans with employer-provided health coverage could lose their current health plan.	health-care,workers
True	Texas is LAST (50th) in spending for mental health care.	health-care,state-budget
False	Says if Texas abortion measure passes, someone living in El Paso would have to drive 550 miles each way to San Antonio for something as simple as cervical cancer screening.	abortion,health-care
False	Every 1 percent increase in the cost of health insurance today causes about 30,000 Georgians to be uninsured.	health-care
False	The Obama administration offered no magic number of people that needed to sign up for health care on the marketplaces.	health-care
False	"A Medicaid provision added to the Senate health carereform bill ""is not a special deal for Nebraska."""	health-care
True	A majority of Americans still oppose this health care bill.	health-care
False	"Florida's legal challenge of the federal health care bill is ""bipartisan."""	health-care
True	The truth is, Planned Parenthood does not provide mammograms. Planned Parenthood refers women to mammography providers, serving as the middlewoman, if you will.	health-care
False	President Barack Obama suggested on national TV that the Democratic health care bill will have government decide that a healthy, 100-year-old woman in need of a pacemaker should take a pain pill instead.	health-care
False	Every year in the United States between 3,000 and 4,500 severe vaccine reactions are reported to the Centers for Disease Control. Not mild reactions. Severe reactions that land somebody in the hospital, the intensive care unit or cause a permanent disability or death.	health-care,public-health
False	When the Milwaukee County mental health facility is full, cops sit out there in their squad cars with a mentally ill patient and sometimes spend an entire shift out there doing that.	county-budget,health-care
True	The vast majority of people in this country are keeping their (health insurance) plan.	health-care,pundits
False	Kathleen Peters refuses to take a stand to repeal Obamacare.	health-care
True	"Health care reform ""requires the use of federal dollars to fund abortions through the government-run health plan."""	abortion,health-care
False	Today and every day, an estimated 14,000 Americans will lose their health insurance coverage.	health-care,workers
False	Says Mark Pryor continues to insist that Obamacare is an amazing success.	health-care
False	The folks in Washington are already forcing you to buy government health care.	health-care
True	The tax penalty that the government imposes if you dont buy health insurance is lower than it would have cost to buy insurance.	health-care
False	Says Arkansas Republican Rep. Tom Cotton voted to provide Congress with taxpayer-funded health care for life.	health-care
True	Oregon families pay an extra $1,400 a year on higher insurance premiums to cover those who do not have insurance.	health-care
False	The measles vaccine has killed 108 people in the last decade, while no one has died of measles.	health-care,public-health
False	A government panel that didn't include cancer specialists says women shouldn't receive mammograms until age 50...If government takes over health care, recommendations like these could become the law for all kinds of diseases.	health-care,women
True	This governor has cut funding repeatedly for people who have AIDS, who need drugs to save their life.	health-care,state-budget
True	Congress gave an unelected board the power to deny care to seniors.	health-care,medicare
True	The latest Quinnipiac poll found that nearly six-in-ten Americans oppose ObamaCare -- 30% support the law and 57% oppose it.	health-care,polls
True	When (Joe Kyrillos) had an opportunity to vote for women in terms of their health care, not once, not twice, but six times, he voted against womens health care in our state.	health-care,women
False	Says Hillary Clinton is proposing destroying Medicare for seniors.	health-care,medicare
True	The IRS has been specifically forbidden ... from ever actually pursuing either civil or criminal remedies for people who dont purchase health insurance.	health-care,pundits
False	"Page 92 of the House health care bill ""says specifically that people can't purchase private health insurance after a date certain."""	health-care
False	We actually have not required in this law that you carry health insurance.	health-care
False	States still face a mandate to expand Medicaid coverage under President Obamas health care reform law.	health-care
False	Says Nancy Pelosi said, Waiting long hours in the emergency room will allow you to make new friends!	health-care
True	A family of four can make up to $88,000 a year and still get a subsidy for health insurance under the new federal health care law.	health-care
True	Says Sen. Rand Paul, R-Ky., has stated that supporting the right to health care ... means you believe in slavery.	health-care
False	Says Bernie Sanders health care plan would empower Republicangovernors to take away Medicaid,to take away health insurance for low-income and middle-income working Americans.	health-care
True	A proposed amendment allows a teenager to get a recommendation for medical marijuana without the consent of a parent.	health-care,marijuana
True	Pregnant women trying to buy health insurance on their own are barred from maternity coverage because they have a pre-existing condition.	health-care
False	Over 73% of all donations raised (from the ALS Ice Bucket Challenge) are going to fundraising, overhead, executive salaries, and external donations.	disability,health-care
False	Millions could lose their health care coverage and be forced into a government pool under the new health care law.	health-care
True	Measles is one of the most common causes of child blindness worldwide.	health-care,public-health
False	Obamacare is . . . the largest tax increase in the history of the world.	health-care,pundits
False	When asked about bills in Congress important to the North Country, Derrick responded I just dont know enough about it.	health-care
False	Oregons three largest employers, and 13 of the top 25, are health care providers.	economy,health-care
True	"The Congressional Budget Office analysis of the health insurance reform legislation says the bill ""cuts the deficit by $1.2 trillion in the second 10 years."""	federal-budget,health-care
True	"Hillary Clinton is ""willing to have workers' wages garnisheed if they refuse to buy health insurance."""	health-care,workers
True	"The House health care bill pays for ""about six years of program with a decade of revenue, with the heaviest costs concentrated in the second five years."""	federal-budget,health-care
False	Says Texas has the nations most uninsured residents.	health-care
False	"The Democrats' health care bills would provide ""free health care for illegal immigrants."""	health-care,immigration
False	Millions of Americans are paying more and getting less under Obamacare.	health-care
True	We spend a staggering amount of money on health care over $2-trillion and almost twice as much as any other country per person.	health-care
False	"Preventive care ""saves money."""	health-care
False	FACT: Nothing in #Obamacare forces people out of their health plans.	health-care
False	There are 300,000 babies born deformed every year in this country because of women who are alcoholics while they're carrying those children to term.	health-care
False	Says he got lobbied by a woman with late-stage cancer about vaccinating Texas girls against a virus that can cause cervical cancer.	health-care,public-health
False	Says House Republicans spent $50 million on 33 votes to repeal Obamacare.	government-efficiency,health-care
True	As a result of the House Republican bill, the nonpartisan Congressional Budget Office now confirms that families will see their health care premiums reduced by up to 10 percent.	health-care
True	There is no precedent for what the Democrats are doing with this deception. ... We have never written a reconciliation bill to amend a law that does not exist.	health-care
False	On expanding Medicaid under the Affordable Care Act.	health-care
False	Repealing Obamacare saves our nation more than $2 trillion.	debt,health-care
True	Says the federal health care law upheld by the Supreme Court has improved or saved the lives of more than 4,000 Texans otherwise prevented from obtaining health coverage due to pre-existing conditions.	health-care
False	With Obamacare,You have no options ..you cant get competitive bidding.	health-care
True	Gov. Rick Scott is trying to get a waiver under the federal health care law that would deny consumers in Florida the right to the $60 million in rebates they have from their own HMOs.	health-care
True	The Affordable Care Act is a major reason why weve seen 50,000 fewer preventable patient deaths in hospitals.	health-care,public-health
False	Thirty million Americans, including a lot of people in Florida, are going to be able to get healthcare next year because of that law.	health-care
True	There are millions of women all across the country who rely on Planned Parenthood for not just contraceptive care; they rely on it for mammograms.	abortion,health-care
True	Says the acting chief of the IRS said he and the majority of IRS employees would rather stay with his current health plan than switch to Obamacare.	health-care
False	Says the average government worker wont be impacted in the first two years under the reform of state health benefits.	health-care,state-budget
False	A new bill was written into the new health care reform initiative ensuring that Congress will be 100 percent exempt.	health-care
True	Says Nevadans will have a double-digit hike in their Obamacare premiums for the year and 10 of Nevadas 16 counties will only have one Obamacare...exchange insurer	health-care
True	One in four Texans lacks health insurance, the highest proportion in the nation.	health-care,pundits
False	On repeal and replace of federal health care reform.	health-care
False	U.S. Rep. Patrick Murphy voted to allow members of Congress to receive taxpayer-funded health care for life.	congress,health-care
False	There's no rationing in any of these bills.	health-care,abc-news-week
False	Obamacare puts the federal government between you and your doctor.	health-care
True	The health care bill has six years of costs against 10 years of tax revenue.	health-care,taxes
True	Obama put a 10 percent tax on tanning.	health-care
True	Obamacare passed by just one vote in the Senate. It wouldnt have passed without Mark Warners vote.	health-care,voting-record
True	Doctors, nurses, hospitals, even the pharmaceutical industry, (and) AARP say that health reform makes sense to do.	health-care
False	Says Betty Sutton and House Democrats gutted Medicare by $741 billion to pay for Obamacare.	health-care,medicare
False	Romneycare is a top-down, government-run health care system.	health-care
False	Over 214,000 doctors opt out of Obamacare exchanges.	health-care
True	"Charlie Crist ""bizarrely vetoed"" $9.7 million for a teaching hospital at the University of Florida ""despite having previously argued the budget request had merit."""	health-care,state-budget
True	House Speaker Nancy Pelosi said this week that the Democrats have to pass their terrible health care bill so that the American people can actually find out what's in it.	health-care
False	The health care reform bill would make it mandatory absolutely require that every five years people in Medicare have a required counseling session that will tell them how to end their life sooner.	health-care
True	Says Texas is last in mental health expenditures.	health-care,pundits
False	"The federal health care plan ""costs Texas taxpayers $2.4 billion per year."""	health-care,state-budget
True	Medicare has at least $80 billion worth of fraud a year. That's a full 20 percent of every dollar that's spent on Medicare goes to fraud.	health-care,medicare
True	There were more people at the Air and Space Museum than at a rally against the health care bills.	health-care,pundits
False	We spend almost twice as much per capita on health care as do the people of any other country.	health-care
False	The health care law reduces the number of uninsured in America by 3 percent for how much money? $2 trillion.	federal-budget,health-care
True	When Sen. Edwards ran in 2004, he wasn't for universal health care. I'm glad he is now.	health-care
False	Says Texas has the most uninsured people of any state -- 6 million.	health-care
True	Says health insurance premiums will rise under Obamacare.	health-care
True	On day one, six people were able to sign up for health insurance through the federal marketplace.	health-care
True	Says President Barack Obama made unilateral changes to Obamacare 38 times.	health-care
False	Under Ryan plan,those 54 and younger would receive the same kind of healthcare options now enjoyed by members of Congress.	health-care,medicare
False	The administration has issued rules for $1 abortions in ObamaCare and requires all persons enrolled in insurance plans that include elective abortion coverage to pay an abortion premium.	abortion,health-care
True	Teddy Roosevelt first called for (health care) reform nearly a century ago.	health-care
False	Says Suzanne Bonamici supports the $500 billion cut to Medicare passed last year.	health-care,medicare
True	Preventive care coverage under the Affordable Care Act has already helped Granite Staters save money and live healthier lives.	health-care
True	She stood by ground zero workers who sacrificed their health after so many sacrificed their lives and kept standing till this administration took action.	health-care
False	"If you're a small business and don't ""adopt the health care plan that Senator Obama mandates, he's going to fine you."""	health-care
False	Under the Baucus bill ... federal funds would subsidize coverage of elective abortions.	abortion,health-care
True	Said state insurance commissioner candidate Ralph Hudgens fights hard to strip women of life-saving coverage such as mammograms.	health-care,women
True	The costs of cancer and all affiliated issues are over $20 billion a year to this state.	health-care
False	Health care reform: Everything about it is going to raise costs, raise taxes and lower the quality of health care.	health-care
True	ObamaCare will use your tax dollars to provide free Viagra to convicted rapists and registered sex offenders.	health-care
True	Every new Republican member of the U.S. Senate said they will vote to repeal and replace Obamacare.	health-care
False	Medicare officials have treated Humana and AARP inconsistently on how they can communicate with seniors.	health-care,medicare
True	"Sixty-two percent of all personal bankruptcies are ""caused by medical problems."""	bankruptcy,health-care
True	Just remember this: the presidents health care bill put 30 million people on health care rolls that werent there before.	health-care
False	Says 15,000 IRS employees have to be added to administer ObamaCare and look at the tax implications.	health-care
False	According to recent reports, a group of death panels organized under Obamacare ordered their first execution.	health-care
False	According to the CDC, 110 million Americans now have a sexually transmitted illness.	health-care,public-health
True	Medicare does just as good, if not better, at keeping people healthy as Medicare Advantage.	health-care,medicare
False	"The Democratic health care plan is a ""government takeover of our health programs."""	health-care
False	The fact that Rick Scott is running for governor as a 'reformer' would be funny if it wasn't so outrageous. This is a man who barely escaped imprisonment.	candidates-biography,health-care
False	For the first time in U.S. history, a personal inaction will be deemed unlawful -- not purchasing a health-insurance plan	health-care
True	For people with insurance, the only impact of the health care law is that their insurance is stronger, better and more secure than it was before. Full stop. Thats it. They dont have to worry about anything else.	health-care
False	Says Donald Trump supports an agenda out there to privatize the Veterans Affairshealth care system.	health-care,veterans
False	All of the records, as far as I know, about what we did with health care, those are already available.	health-care
False	As has been noted by many observers, including Bill Clinton's former secretary of labor, my plan does more than anybody to reduce costs.	health-care
True	The public option is not funded with public money. It's funded with private insurance premiums.	abortion,health-care
False	Donald Trump and Hillary Clinton and Bernie Sanders have the identical position on health care, which is they want to put the government in charge of you and your doctor.	health-care
True	Because of Barack Obama 32 million new people will have healthcare.	health-care,message-machine-2012
True	After Massachusetts passed a mandatory health insurance law their mortality rate went down...it saved lives.	health-care,medicaid
True	Two-thirds of the top-rated hospitals in Florida were our hospitals.	health-care,message-machine
True	The lifespan of the average American is less than that of people in nations that spend far less (on health care). ... To put it bluntly, we spend more and die sooner.	health-care
False	No Republicans voted for recent hikes in the income tax, payroll tax, capital gains tax, dividend tax and estate tax. These taxes were all passed under Obamacare.	health-care,taxes
True	Youve got more people wanting to go moose hunting in New Hampshire than want Obamacare.	health-care
False	We have more hospitals that are childrens hospitals than any other state in the union. 	health-care
True	Individuals with mental illnesses die an average of 25 years earlier than those without a mental illness.	health-care,medicaid
False	Says North Carolina Republican Senate candidate Thom Tillis called Obamacare a great idea.	health-care
True	Businesses will be required to certify to the IRS under penalty of perjury that Obamacare was not a motivating factor for cutting staff.	health-care,jobs
True	The health care bill cuts the deficit by over $1 trillion dollars.	federal-budget,health-care
False	"Obama ""only wants your children to have health insurance."""	health-care
True	A majority of the American people opposed the health care law when it was signed and still oppose it today.	health-care
True	"Health care reform plans being consided in Congress ""will finally reduce the costs of health care."""	health-care
False	The Massachusetts health care plan dealt with 8 percent of our population, far less than the 100 percent of American people affected by President Barack Obamas health care law.	health-care
True	Says proposed anti-abortion legislation would force women facing the most personal of health decisions to endure a transvaginal ultrasound.	abortion,health-care
True	Washing your hands and covering your mouth when you cough makes a huge difference in reducing transmission of the flu.	health-care
True	"Half of all personal bankruptcies in America ""are caused by medical bills."""	health-care
True	Before we even passed health care, 4 millions kids got health insurance that didnt have it before, through the Childrens Health Insurance Program.	families,health-care
True	"Barack Obama's health care plan ""would leave 15 million Americans out."""	health-care
False	The health care numbers are going up.	health-care,abc-news-week
True	400,000 Oregonians have gained access to health care through the Affordable Care Act.	health-care
False	20,000 Kansans lost their health insurance because of (Obamacare).	health-care,message-machine-2014
False	Warren Buffett recently said Scrap Obamacare and Start All Over.	health-care,pundits
True	In some states, it is still legal to deny a woman coverage because she's been the victim of domestic violence.	health-care
False	Former Alaska Governor Sarah Palin was right that President Barack Obamas health care bill created what would, in effect, be death panels.	health-care
True	U.S. Senate candidate Michelle Nunn has avoided taking a stand on Obamacare.	health-care
True	Says when New Jersey adopted guaranteed coverage and cost provisions without a mandate individual health insurance market rates doubled or tripled and enrollment dropped from 180,000 people to 80,000 people.	health-care,states
True	It used to be that the only children at school who werent vaccinated were those who had true medical conditions. Now there are 19 states that allow personal belief exemptions.	health-care,public-health
True	In about three weeks over a half million Floridians are going to lose their coverage again through Obamacare.	health-care
True	Obamacare was patterned after (Mitt Romneys) plan in Massachusetts.	health-care
True	Within the three miles surrounding the University Circle area, infant mortality exceeds some Third World countries.	health-care,public-health
False	"Health reform will ""give every American the same opportunity"" to buy health insurance the way members of Congress do."	health-care
False	Says the health care law rations care, like systems in Canada and Great Britain.	health-care
True	In Massachusetts, half of the primary care doctors are not accepting new patients.	health-care
False	Says U.S. Rep. Steve Southerland voted himself health care for life.	elections,health-care
True	The fastest-rising expense in the U.S. Defense Department is health care.	health-care,military
False	Patrick Murphy voted for Obamacare in 2010, yet he reversed himself and voted to delay the employer mandate and the individual mandate.	health-care,voting-record
True	"Rick Scott's former health care company, Columbia/HCA, committed ""fraud."""	candidates-biography,health-care
False	A hidden provision in the health care law taxes sporting goods as medical devices.	health-care
False	I have not said that I was a single-payer supporter.	health-care
True	"The Democratic health care bill will ""collect higher taxes for 10 years and provide health care for only six years."""	health-care,taxes
False	The IRS is going to be in charge of our health care.	health-care,taxes
True	If you're over 65 years old in America today, you have no choice but to be in Medicare. Even if you want out of Medicare, you have to forfeit your Social Security to get out of it.	health-care
True	"Families are paying $900, on average, ""in higher premiums because of uncompensated care."""	health-care
False	"The economic stimulus bill created a council that's ""modeled after the national board that controls Britains health system."""	health-care,stimulus
True	Mr. President, multiple times from your administration there have come statements that Republicans have no ideas and no solutions on health care.	bipartisanship,health-care
True	There will be no public funding for abortion in this legislation.	abortion,health-care
False	They delayed my swearing-in here in Massachusetts for a couple weeks so they could ram (the health care law) through.	health-care
False	We had a debate on whether ObamaCare was the way to go to fix up health care and the American voters said no -- emphatically.	health-care
True	8.5 million Americans have gotten rebate checks because their insurance companies were spending too much money on executive bonuses and administrative costs and not enough on health care.	health-care
True	Because of Obamacare peoples premiums ...are going up 35, 45, 55 percent.	health-care
False	In Jeanne Shaheen, New Hampshire has a Senator who was the deciding vote to pass Obamacare.	health-care,voting-record
False	"The Baucus health care bill ""could be used to ban guns in home self-defense."""	guns,health-care
False	More people are losing their insurance (due to Obamacare) than are becoming newly insured.	health-care
True	Hobby Lobby provided this (birth control) coverage before they decided to drop it to file suit.	health-care,supreme-court
False	Says Charlie Bass supports Paul Ryan plan that forces seniors to pay $6,400 a year more for health care so millionaires can pay less in taxes.	health-care,taxes
False	Says Donald Trump is a guy who has called for privatization of the Veterans Administration.	health-care,veterans
True	Says six of the states 58 family planning centers had to close because of Gov. Chris Christies budget cuts.	health-care,women
False	"Claims that former Sen. Tom Daschle said, ""Seniors should be more accepting of the conditions that come with age instead of treating them."""	health-care
False	Thanks to #ObamaCare, average E.R. wait in California is 5 hours.	health-care
True	Gwinnett Medical Center is operating in the negative, in part, because of illegal immigrants.	health-care,immigration
False	Says the new health care law delivers a $13 billion tax increase on families with special needs.	health-care
True	Repeal of Obamacare would take away health care for 10.3 million Americans who have received coverage since Oct. 1, 2013.	health-care
False	Says under the new health care law the patient-doctor relationship will be eliminated.	health-care
True	Says that Republicans bragged about how every bill was going to be paid for, right from the beginning and that the first vote, the repeal of health care reform, violated that rule.	health-care,voting-record
True	According to the Congressional Budget Office, as many as 20 million Americans could lose their employer-based insurance thanks to Obamacare.	health-care,workers
True	"John McCain's health care plan ""won't guarantee coverage of cancer screenings or maternity care."""	health-care
False	Usually it's about $900 a month to get health coverage. (Florida's program has) reduced that, on average, to about $150 a month.	florida,health-care
False	Americans increasingly want (the Affordable Care Act) to be repealed.	health-care,polls
False	Says the vaccine to prevent HPV can cause mental retardation.	health-care
False	Says Joe Straus was co-author of a bill that would have allowed Planned Parenthood to control public school sex education.	education,health-care
False	Weve got close to 7 million Americans who have access to health care for the first time because of Medicaid expansion.	health-care,medicaid
True	Says that under Mitt Romney, 89 million Americans could be denied coverage if they have a pre-existing condition.	health-care
False	Its a plan that incorporates ideas from many of the people in this room tonight Democrats and Republicans.	health-care
True	A million people could get health insurance right away if Texas expanded Medicaid under Obamacare.	health-care,medicaid
False	Medicare premium support backed by Republican vice presidential candidate Paul Ryan is not vouchers.	health-care,medicare
False	Congressman Nye voted against a bill which would have defunded the $5-10 billion the IRS needed toimplement health care legislation.	health-care
False	In the 1970s, the swine flu broke out . . . under another Democrat, President Jimmy Carter.	health-care
False	Even the employees union for the IRS -- the very people in charge of enforcing this law -- are begging to be let out from under this law.	health-care,unions
True	"Under Barack Obama's health care proposal, ""if you've got a health care plan that you like, you can keep it."""	health-care
False	Under the health care law, everybody will have lower rates, better quality care and better access.	health-care
False	Trumps Health Secretary Pick Wants a Medicare Phaseout by Summer 2017.	health-care,medicare
False	Health insurance companies deny 1 out of 5 treatments prescribed by doctors.	health-care
False	"In the House health care bill, ""Something like 2 percent of the people would [be] eligible even to get the public option."""	health-care
False	Senator McCain would pay for part of his (health care) plan by making drastic cuts in Medicare $882-billion worth.	health-care
False	The health bill's plan for comparative effectiveness research would be used by the government to ration care.	health-care
False	Federal law requires that hospitals treat people whether or not they can pay. So someone (who) doesnt have health insurance -- they can go to the hospital and get free care.	health-care,new-hampshire-2012
False	Under the new health care law, the first person (a) patient has to go to is a bureaucrat. That is called a panel.	health-care,message-machine
True	Homeopathy, acupuncture and aromatherapy have been given elevated legitimacy under the Affordable Care Act.	corrections-and-updates,health-care
False	The fact is 90-percent of Down Syndrome children were aborted in this country.	abortion,health-care
False	During the 2005 fight over Social Security, there were noisy demonstrations but they were outside the events, and opponents were not disruptive crowds booed lines they didnt like, but that was about it.	health-care,pundits
True	There are 7,000 kids in New Hampshire who have health care because I helped to create the Children's Health Insurance Program.	health-care
True	President Barack Obama (is) the first president in history to cut Medicare by $700 billion.	health-care,medicare
False	President Obamas health care law represents a government takeover of health care.	health-care
True	The health care law was a 2,733-page bill! . . . No amendments!	health-care
True	Thirty-four percent of Hispanics don't have any health care at all, don't have any health insurance.	health-care
True	Women of childbearing age spend 68 percent more in out-of-pocket health care costs than men.	health-care,women
True	Forty-five percent of Americans went without needed care because of costs in 2007.	health-care
True	Says President Barack Obama initially said the national health-care mandate isnt a tax, but his administration now says it is a tax.	health-care,taxes
True	There are still more people uninsured today than when Obama was elected president.	health-care
False	You dont know if this (the H1N1 vaccine) is gonna cause neurological damage like it did in the 1970s.	health-care,pundits
False	The insurance industry is actually run by mostly Democrats.	health-care
False	Says as we sit right now, Medicare, if we do nothing, will be gone in eight years, if we do nothing to it.	health-care,medicare
True	In the Wisconsin health insurance exchange, the Society of Actuaries points out that therell be, according to them, an 82 percent increase in individual premiums over the next couple years under Obamacare.	health-care
False	President Obamashealth care law is a government takeover of healthcare.	health-care,market-regulation
True	Oregon Health Plan rations covered procedures under certain circumstances	health-care
False	Ive shut down pill mills.	crime,health-care
True	"He ""stood up to Barack Obama by passing legislation that prevents you from being forced to join government health plans or buy health insurance against your will."""	health-care
False	Congress, criminals, Scientologists and other groups are exempt from Obamacare.	health-care,religion
True	Taxpayers pay for roughly 45 percent of all births in Wisconsin! And 60 percent of the births in Milwaukee!!!	health-care,medicaid
True	New provisions of the health care law bar the use offlexible spending accounts and health savings accounts to pay for aspirin and other non-prescription health needs.	health-care
True	The Baucus health care bill would require taxes on medical devices such as X-ray machines, female condoms, HIV tests and surgical needles.	health-care,taxes
False	"Health proposal would create a ""40% tax on health care benefits of middle-class workers."""	health-care,taxes
False	Under the Democratic health plan, families will be forced to spend an additional $2,100 a year to keep their current health care.	health-care
False	"The Republicans' alternative health care plan ""will still let insurers raise premiums four times faster than wages."""	health-care
False	The path to ObamaCare becoming law all started with Charlie Crist supporting President Obama's $787 billion stimulus.	health-care,stimulus
False	Says U.S. Rep. Paul Ryan promised to end health care for our seniors.	health-care,medicare
False	Says that Romney touted the Massachusetts health plan for the nation in his hardcover book but then deleted it for the paperback edition.	health-care
True	Since I took office, Wisconsin now has the 2nd highest health care quality ranking in the country.	health-care,job-accomplishments
False	Says the Patient Protection and Affordable Care Act adopted last year contains a series of slush funds, set up to stay on the books automatically, with little or no oversight.	health-care
True	Of the 25 wealthiest nations, were the only one that doesnt provide basic health coverage.	health-care
False	The cost-saving measures we put into place at Columbia/HCA drove down national health care inflation from 18% to 8% in seven years.	health-care
False	Says new estimates from the Congressional Budget Office conclude the final price-tag for the health care law will exceed $2 trillion more than double what was initially reported.	health-care
True	Says America spends over 17 percent of its GDP on health care costs when our closest competitor nations are spending about 12.	economy,health-care
False	Says that while President Barack Obama promised to work with your employer to lower your premiums by $2,500 per family per year, his health care law raises premiums in the individual market by $2,100 per family.	health-care,message-machine-2012
True	Says that Tim Pawlenty eliminated health insurance for 33,000 to 35,000 people when he was governor of Minnesota.	health-care
False	A public option for health care would end private insurance because the private insurance people will not be able to compete with a government option.	health-care
False	Says under Oregon law, girls from 15 years of age and up are given complete control over whether to be sterilized or not.	health-care,public-health
True	Eighty-seven percent of private insurance plans currently include (abortion) coverage.	abortion,health-care
True	Says Florida refused to allow theinsurance commissioner to negotiate lower rates with companies or refuse rates that are too high under Obamacare.	health-care,states
True	Says Donald Trump is for a single-payer health care system.	health-care
True	A study from the Massachusetts Institute of Technology, Harvard, and Dartmouth concluded that Medicaids value to its beneficiaries is significantly lower than the actual cost of the program.	health-care,medicaid
True	40,000 veterans in Texas wont get health care because Perry rejected Obamacares Medicaid expansion.	health-care,veterans
True	Opponent Holly Benson said that Just because youre poor doesnt mean youre unhealthy, it just means you have a lot more time to go running.	candidates-biography,health-care
False	Most of the people who have signed up through the Obamacare exchanges already had insurance.	health-care
True	States have cumulatively cut over $1.8 billion from their mental health services between 2009 and 2011. This is the largest reduction in state mental health services in half a century.	guns,health-care
False	We spent twice as much per capita for health care in this country as the next closest nation.	health-care
False	The health care law is job killing.	economy,health-care
True	The United States is 50th in life expectancy in the world.	health-care
False	Eric Cantor voted to fully fund Obamacare in October.	health-care,voting-record
False	A provision in the health care reform bill for end-of-life counseling for seniors is not entirely voluntary.	health-care
True	Nearly 6 in 10 uninsured Americanscan get health insurance for what may be the equivalent of your cell phone bill.	health-care
True	President Obama campaigned on a promise to put reproductive health care at the center of his reform plan.	abortion,health-care
False	"Cover Florida ""is available to any Floridian, offering basic coverage for about $150 a month, instead of the typical $600 a month."""	florida,health-care
True	Rick Scott wants to take us back to the days of insurance companies denying coverage for pre-existing conditions.	health-care
False	Romneycare sent costs spiraling out of control in Massachusetts, hiking premiums, squeezing household budgets.	health-care,message-machine-2012
True	Some cardiologists estimate 70 percent of all males over 50 have some form of heart disease.	health-care
True	Says the number of Democrats who voted for the GOP measure allowing health plan renewals is close to the number who voted on GOP bills to delay mandates on employers and individuals.	congress,health-care
True	Gingrich supported individual health insurance mandates.	health-care,message-machine-2012
True	25 percent of all drug-related fatal vehicle accidents in the U.S. involve marijuana.	drugs,health-care
False	On support for the Affordable Care Act (Obamacare).	health-care
False	The growth in health care costs has been reined in through the Affordable Care Act.	health-care
False	President Obama's bill won't bring down the costs (of health care) for average Americans -- or really for very few Americans, if any.	health-care
False	I didn't campaign on a public option.	elections,health-care
False	Says in Canada, the number of CT scan machines per 1,000 people is like one-tenth of what we have here in this country. Thats why people have to wait.	health-care
True	Less than 5 percent of registered users in states allowing medical marijuana have cancer or AIDS.	health-care,marijuana
True	By one leading measure, what business owners pay out in wages and salaries is now finally growing faster than what they spend on health insurance for the first time in 17 years.	health-care,labor
True	If someone is in a room that has measles and leaves and you walk in two hours later, you could get measles from that person.	health-care,public-health
False	I am the only U.S. Senate candidate who spoke out against bombing Syria, and who challenged Georgias governor and insurance commissioner over obstruction to the Affordable Care Act.	foreign-policy,health-care
True	In 2010, uninsured voters made up about 5 percent of the electorate.	congress,health-care
True	Over the last six years, the state of Illinois spent about $320 million on illegal immigrants.	health-care,immigration
False	Im 59. In either Canada or Great Britain, if I broke my hip, I couldnt get it replaced.	health-care
False	Obamacare doesnt require members of Congress to abide by the same rules that all of the other Americans do.	health-care
False	U.S. Rep. John Barrow of Georgia has helped support the implementation of Obamacare.	health-care
True	As a candidate, President Obama declared that everyone deserves access to reproductive health care that includes abortion, and vowed that this 'right' would be at the heart of his health care reform plan if elected president.	abortion,health-care
True	Says Ann Kirkpatrick walked out on constituents when questioned on the Affordable Care Act.	health-care
True	Despite President Barack Obamas promise to cut healthcare costs, the average cost of a family policy is up $1,300.	health-care,message-machine-2012
True	Says the Texas Department of Agriculture seeks to purchase up to 300,000 promotional stress balls.	economy,health-care
True	Half of all adults have a pre-existing condition that could affecttheir health care coverage.	health-care
False	UPS left 15,000 employees spouses without health insurance and told them to, go on an exchange with no employer subsidy.	families,health-care
False	Says the goal of the Affordable Care Act was to get 30 million people insured, but it only got 7 million.	health-care
True	"Medicare spends ""$15-billion a year on subsidies to insurance companies."""	health-care
True	Says Gov. Rick Scott returned $1 million in federal funding that would have helped the state cover the cost of overseeing insurance rates under the new health care law.	health-care
True	If Obamacare is fully implemented, 30 million people will still be without health insurance.	health-care
False	Says Sheldon Whitehouse said on Senate floor: Everybody in Rhode Island who disagrees with me about Obamacare is an Aryan, is a white supremacist.	health-care
True	Nothing in any of the Democrat bills would require individuals to verify their citizenship or identity prior to receiving taxpayer-subsidized benefits.	health-care,immigration
False	43,000 people are going to be kicked out of nursing homes or denied nursing home entrance if the Texas House version of the state budget passes into law.	health-care,state-budget
False	"Of hospitals in Rick Scotts Columbia/HCA health care company, ""A top executive said they even turned away a poor man and left him to die outside their door."""	health-care,message-machine
True	With the resources it takes to execute just over three months of the Iraq war, we could fully fund the expansion of health care for needy children that Bush vetoed.	health-care
False	Says Reps. Rush Holt, Frank Pallone and Bill Pascrell are willing to jeopardize seniors access to coverage by gutting $741 billion from Medicare to pay for a big-government healthcare takeover.	health-care,medicare
False	Nobody has been talking about it (Medicaid fraud), focused on it, or paying attention to it.	health-care,medicare
True	More than 1 million Texans live without affordable health care because Rick Perry failed to partner with the Legislature to find a Texas solution to closing the coverage gap.	corrections-and-updates,health-care
True	The biggest job of the surgeon general is to translate health care and health care needs into plain English.	health-care
True	The claim ... that we plan to set up panels of bureaucrats with the power to kill off senior citizens ... is a lie, plain and simple.	health-care
True	Obamacare is a massive, massive income redistribution with $250 billion a year in Medicaid expansion (and) in the subsidy structure thats basically being paid for by people on Medicare, through Medicare cuts, and a lot of tax increases.	health-care,taxes
False	Says federal health care overhaul will cost Texas state government upwards of $30 billion over the next 10 years.	health-care,state-budget
False	President Obama . . . wants to mandate circumcision.	health-care,pundits
False	The president has given 1,100 special waivers to his friends for Obamacare.	health-care
False	"Starting in 2011, ""you will be required to pay taxes"" on ""the value of whatever health insurance you are given by the company."""	health-care,taxes
False	Obamacare is the biggest job-killer in this country -- millions of Americans have lost their jobs, have been forced into part-time work.	health-care
False	AARP is endorsing the health care reform bill.	health-care
True	"In Cover Florida ""thousands already enrolled and climbing."""	health-care
False	Ted Cruz tried to ban contraception five times.	abortion,health-care
True	Just about half of rural hospitals operate in the red in Virginia. They operate at a loss.	health-care
False	The numbers of people that support Obamacare and like it have been steadily dropping.	health-care,polls
True	"Barack Obama and the Democrats have ""proposed a tax for not having health insurance."""	health-care,taxes
False	In 2007, Ed Gillespie was paid $300,000 to be the frontman for a coalition that made the individual mandate the centerpiece of its health reform plan.	health-care,message-machine-2014
True	More than 3 million young adults ... have gained insurance under (the Affordable Care Act) by staying on their familys plan.	health-care
True	The health insurance plan that (members of Congress) have is no different than any other federal employees in the United States government.	health-care
False	U.S. Rep. John Barrows plan puts the IRS in charge of your health care.	health-care
True	The rate of uninsured Americans (is) 8.8 percent.	health-care
True	Obama's plan for health care reform ends exorbitant out-of-pocket expenses, deductibles or co-pays.	health-care
False	"Barack Obama's health care plan is ""to mandate health care coverage and have a universal government-run program."""	health-care
False	"When you were casting your vote for Republicans, Brian Kemp was voting for Democrats.	message-machine,voting-record	doug-macginnitie	Sandy Springs City Councilman	Georgia	republican	1	1	0	0	0	a campaign commercial789.json	half-true	I want to give every American a $5,000 refundable tax credit."""	health-care
True	Insurance companies have seen their profits soar by more than 400 percent since 2001.	corporations,health-care
False	The Senate Finance Committee approved a reform proposal that has both Democratic and Republican support.	health-care
True	The costs for families (in the individual market) for the same type of coverage that they're currently receiving would go down 14 percent to 20 percent.	health-care
False	Seniors enrolled in Medicare Advantage are going to see an average premium increase between $50 and $90 per month.	health-care,medicare
True	On opposing legislation that would take away existing health care plans.	health-care,voting-record
True	Hillary stood up for universal health care when almost no one else would, and kept standing till 6-million kids had coverage.	health-care
False	The Obama Administration's own White House Council of Economic Advisers has estimated 4.7 million Americans will lose their jobs if the (health care) bill passes.	health-care,taxes
False	A clause hidden in the Obamacare bill, which is now law, gives Obama the right to form a private army.	health-care,military
True	Says the federal government tells health insurance companies how much money theyre allowed to keep of what they receive in revenues -- 15 percent.	health-care
True	Says Hillary Clinton helped get done the Childrens Health Insurance Program.	health-care
False	Obamacare will question your sex life.	health-care,privacy
True	"The Democrats' health care bill ""gives a new Health Choices Commissioner the right to look at an individual's tax return to determine what medical benefits or subsidies that person qualifies for."""	health-care,taxes
False	TheCBO saysthe cost of health care reform will rise to $1.8 trillion, increasing the price to far greater than the $900 billion originallyprojected.	health-care
True	"Hillary Clinton ""has the only health care plan that covers every American."""	health-care
False	Says the national heath care reform is a government takeover of health care.	health-care
True	Nearly 46 million Americans don't have health insurance coverage today.	health-care
True	Almost 1 million children ... have no health insurance in this state.	health-care
False	Under Obamacare, people who have a doctor theyve been seeing for the last 15 or 20 years, they wont be able to keep going to that doctor.	health-care
False	Says Sen. Mark Pryor voted for special subsidies for lawmakers and staff in Congress so theyre protected from Obamacare.	congress,health-care
False	Repealing the health care law would save $95 billion in 2016.	federal-budget,health-care
True	"Health insurance premiums ""have almost doubled ... since 2000."""	health-care
False	I helped write the Affordable Care Act.	corrections-and-updates,health-care
True	Why didnt (uninsured Americans) buy insurance? Because of the expense.	health-care,poverty
True	Twenty-four percent of doctors in Virginia currently dont accept new Medicaid patients because the reimbursement rates are so low.	health-care,medicaid
True	New Jerseys poverty rate has increased since this governor took office and the number of New Jerseyans without health insurance has risen.	health-care,poverty
False	Obamacare already has caused millions of hardworking Virginians to lose their health insurance.	health-care
False	Operating a health care exchange would be illegal in Georgia and some states because of legislation passed in those states.	health-care
True	If you already have health insurance through your job, or Medicare, or Medicaid, or the VA, nothing in this plan will require you or your employer to change the coverage or the doctor you have.	health-care
True	The health care reform plan being proposed in Congress would mean big tax increases.	health-care
True	The health care reform law offset[s] 6 years of benefits with 10 years of tax increases.	health-care,taxes
False	Says state Senate candidate Aaron Bean voted to give health care subsidies to illegal immigrants.	health-care,immigration
False	Obamacare is so flat-out unpopular, that even the Obama administration chose to reject part of Obamacare last Friday, when they tried to throw out the CLASS Act, which is the long-term care function.	health-care
False	300,000 Floridians have lost their health insurance as a result of Obamacare.	health-care
True	The United States spends almost three times per capita what they spend in the U.K. on health care and 50 percent more than they pay in France.	health-care
False	President Obama has worked to change Medicare for the worse by creating an unelected, unaccountable panel with the power to deny coverage of certain treatments.	health-care,medicare
True	Probably less than 4 percent of Wisconsin residents are enjoying the subsidies from Obamacare.	health-care
False	Every other democracy in the world has a health care system that covers everybody, and we don't.	health-care
False	I do provide universal health care.	health-care
True	New Jersey has the second highest rate of institutionalization of people with developmental disabilities in America. Only Texas puts more of its citizens -- confines more of its citizens -- to institutions than New Jersey.	disability,health-care
False	Baseball and insurance are the only industries exempt from antitrust laws.	baseball,health-care
False	The health care law includes tort reform.	health-care,legal-issues
True	Every survey shows strong satisfaction with private coverage.	health-care
True	"The health care bill ""dumps 15 to 18 million low-income Americans into a Medicaid program that none of us want to be a part of because 50 percent of doctors won't see new patients."""	health-care,poverty
False	Says there are $500 billion in Medicare cuts required to pay for this flawed [health care law].	health-care
False	Under a public health care option, 120 million Americans will lose what they now get from private companies and be forced onto the government-run rolls as businesses decide it is more cost-effective for them to drop coverage.	health-care
False	Only the State of New York spends more money on Medicaid than the State of New Jersey.	health-care,state-budget
True	The passage of the teacher tenure bill in the Fla. Legislature was like the health care bill in Congress because one party jammed it through.	education,health-care
True	Republicans Chuck Grassley, John Boehner and John Mica flip-flopped on providing end-of-life counseling for the elderly.	health-care,pundits
True	A clear majority of Americans support removing the cost-sharing requirement for prescription contraceptive coverage.	health-care,women
True	Obamacare medical device tax has led to the loss of thousands of jobs in U.S.	health-care,jobs
True	The Children's Defense Fund rated McCain as the worst senator in Congress for children.	health-care
True	With this reform, every insured American gets valuable consumer protections, and every uninsured American can become insured.	health-care
True	Says by reducing chronic health care costs in the State of Georgia, we can reduce the $32.8 billion lost each year due to lack of productivity and economic costs.	economy,health-care
True	Obamacare will mean 2.1 million fewer jobs by 2021.	health-care
False	Sixteen thousand new Internal Revenue Service agents will be empowered to enforce the new health care legislation.	health-care,taxes
False	Ann McLane Kuster is for a government takeover of health care more radical than Obamacare. And she supports a $700 billion cut to Medicare for current retirees.	health-care,medicare
False	Because of Obamacare, over the last two years, health care premiums have gone up -- its true -- but theyve gone up slower than any time in the last 50 years.	debates,health-care
False	Says Marco Rubio endorsed Obamacare for his own family.	health-care
False	There are many health insurance plans that will cover Viagra but won't cover birth-control medication.	health-care
False	Obamacare is going to increase the divorce rate.	health-care,marriage
True	People committed involuntarily for 72 hours under the Baker Act will get their guns back automatically and immediately upon discharge....and their commitment is never entered into a background check database.	guns,health-care
True	[N]early one in three primary care doctors are forced to limit the number of Medicare patients they see.	health-care
False	You lie! (in response to President Obama saying health reform would not insure illegal immigrants.)	health-care,immigration
True	Republican state lawmakers are refusing to give the people of their own states their own tax dollars back in the form of (expanded) Medicaid.	health-care,taxes
True	"The GOP health care plan ""would allow health insurance companies to continue engaging in unfair and discriminatory practices like denying coverage to people because of a pre-existing medical condition."""	health-care
False	Says Bernie Sanders once said, Instead of removing the conditions that make people depressed, modern society gives them antidepressant drugs.	health-care
True	30,000 Arizonans may have no choice on Affordable Care Act coverage.	health-care
True	The federal health care law tells the American people precisely what type of coverage they have to have.	health-care
True	FACT: Repealing Obamacare would be easier than repealing Prohibition.	congressional-rules,health-care
True	Theyve seen employer-supported coverage increase in Massachusetts after this law (Romneycare) was implemented.	health-care
False	"An Iowa policy ""provides for a state round up of Iowa citizens who might be exposed to the swine flu virus."""	health-care
True	Health reform eliminates co-pays, deductibles, and other costs for preventative care and provides for free annual wellness checkups starting next year.	health-care
True	Barack Obamas health care bill is nothing new. Mitt Romney signed one just like it four years before.	health-care
True	Romneycare was model for Obamacare.	health-care
False	No doctors who went to an American medical school will be accepting Obamacare.	health-care,pundits
True	"The Senate health care bill ""would leave 24 million people without insurance coverage."""	health-care
True	Were losing thousands of (veterans) waiting on line because they cant get speedy health care from the Veterans Administration.	health-care,veterans
False	Health insurance costs for Floridians are up 30 percent or more.	health-care
False	Says Donald Trump said the government is going to pay for everybody to have health care.	health-care
True	"Barack Obama's health care plan ""would leave 15-million Americans out."""	health-care
False	Forty years ago, hardly anybody in the country had health insurance.	health-care
False	For every Kentuckian that has enrolled in Obamacare, 40 have been dropped from their coverage.	corrections-and-updates,health-care
True	"House Republicans pledged to introduce a bill to reform Americas health care system, but ""the 'party of no' has . . . failed to produce legislation."""	health-care
True	Polls show Americans are overwhelmingly opposed to Obamacare, especially the individual mandate.	health-care
True	"The health care bill will ""create 4 million jobs, 400,000 jobs almost immediately."""	economy,health-care
True	Says more than 2 million Oregonians have received important medical services because of his health plan.	health-care
False	Stimulus money funded a government board that made recommendations that would cost 378,000 jobs and $28.3 billion in sales.	children,health-care
False	I never was in favor of shutting down the government. (I) voted to fund the government fully.	federal-budget,health-care
False	If your plan is the result of collective bargaining, no subsequent changes by anybody -- insurance companies, Obamacare -- can force your grandfathered policy to change.	health-care,unions
True	Any government-run 'public' plan ... creates an entitlement that will cost another $1 trillion over the next 10 years.	health-care
True	Emergency rooms account for 2 percent of all health care spending.	health-care,pundits
False	We had (a bill) in Florida where we now are prohibiting doctors to talk -- particularly pediatricians -- to talk to their patients about gun safety in the home.	guns,health-care
False	Jeff Merkley was the deciding vote on Obamacare, which in Oregon has been an unmitigated disaster.	health-care
True	Under Obamacare, premiums have doubled and tripled in Wisconsin.	health-care
True	Says unions call Obamacare bad for workers.	health-care,unions
False	The bill also provides full federal funding for abortions	abortion,health-care
True	We spend more on health care than any other country, but we're ranked 47th in life expectancy and 43rd in child mortality.	health-care
True	Volunteer firefighters and communities they serve in Georgia and elsewhere are being devastated by Obamacare.	health-care
True	In the period from 2007 to 2011, the Office of Health Insurance Commissioner reported an 18 percent decline in the states total medical spending.	health-care
False	Says the national health care law puts federal bureaucrats between an American citizen and her doctor.	health-care
False	Obamacare is one big fat VA system.	health-care,veterans
True	This (SCHIP) is socialized medicine. It is going to go to families that make $60,000 a year. Those aren't poor children.	health-care
True	Many state and federal agencies have such navigators involved in helping folks maneuver through the often complex processes associated with filing benefits claims, for example -- even buying health insurance.	health-care
False	Says President Barack Obamas health care law is expected to destroy 2.3 million jobs.	health-care
True	[A]n extra 8 million Americans [are] projected to join state Medicaid programs in the next few years.	health-care
False	The party in the White House is responsible for a massive tax increase on the middle class.	health-care,taxes
False	Members of Congress specifically exempted themselves from many of the laws they have passed, such as being exempt from any fear of prosecution for sexual harassment ... (and) from the healthcare reform.	congress,health-care
True	Republicans would give seniors a (Medicare) voucher that limits whats covered, costing seniors as much as $6,400 more a year.	health-care,medicare
True	Ninety-five percent of Oregonians now have health insurance coverage, tens of thousands for the very first time.	health-care
False	Marco Rubio thinks that government shouldn't be in the health care business at all.	health-care
True	The health care bill will subsidize families of four that make more than $80,000 a year.	health-care
False	The health care law imposes a federal mandate requiring middle-class Americans to buy health insurance whether they can afford it or not.	health-care
True	Theres a 1.5 percent to 2 percent overhead in Medicare. The insurance companies have a 20 percent to 30 percent overhead.	health-care,medicare
True	47 - New provisions ObamaCare charges the IRS with implementing, according to the Government Accountability Office.	health-care,taxes
False	Obamacare-caused paperwork will annually absorb 190 million hours or more--and Mount Rushmore could be built 1,547 times over with the paperwork.	federal-budget,health-care
True	About half the people who would qualify for Medicaid expansion in Florida can buy a health care plan for $30 a month on the federal health care exchange.	health-care,medicaid
False	Insurers delayed an Illinois man's treatment, and he died because of it.	health-care
False	Under the Obama plan . . . all the health care in this country is eventually going to be run by the government.	health-care
True	Says Obama called Medicaid broken four years ago.	health-care,medicaid
False	Says an appointed board created under Obamacare will have the ability to come between you and your doctor in determining the best treatment options for you!	health-care
False	Obamacare could cause 20 million people to lose their current coverage.	health-care,message-machine-2012
True	Anyone can die of a toothache.	health-care,medicaid
True	"If parents ""don't have health insurance that Senator Obama wants them to have (for their children), they will be fined."""	health-care
False	Says sixty-two percent of small businesses over the last five years went under because they couldnt pay their health care bills.	health-care,small-business
False	Ann Kuster supports the government takeover of healthcare, which robs Medicare of over $700 billion.	health-care,message-machine-2012
False	A couple of debates ago, (Donald Trump) said if you dont support socialized health care, youre heartless.	health-care
False	Its four or five states where the number of insurance options have narrowed under the Affordable Care Act.	health-care
False	Says his Patient OPTION Act is the only Republican plan that completely repeals Obamacare and it takes the federal bureaucrat out of decisions for you.	health-care
True	Says Hillary Clinton wonhealth care for 8 million children.	health-care,public-health
True	Says Obama administration delay of health care laws employer mandate affects about 1 percent of the American workforce.	health-care
False	Said his mother had to fight with health insurance companies for treatment because of a pre-existing condition.	candidates-biography,health-care
True	Most state employees could pay twice as much toward their health care premiums and it would still be half the national average	health-care,state-budget
False	When they passed Obamacare, they put a bailout fund in Obamacare. We led the effort and wiped out that bailout fund.	health-care
True	We are the only major country on Earth that doesnt guarantee health care to all people as a right.	health-care
False	On HealthCare.Gov, Texan Mark Sullivan found a good health insurance plan that includes dental, for less than $80 a month.	corrections-and-updates,health-care
False	Says a Canadian provincial prime minister came to Ohio for his medical treatment because of the delay in Canadian health care which would have endangered his life.	health-care
False	If we went back to the obesity rates that existed back in the 1980s, the Medicare system over several years could save as much as a trillion dollars.	health-care,medicare
True	We are the only industrialized nation that relies heavily on a for-profit medical insurance industry to provide basic health care.	health-care
True	Congress secured special Obamacare rules to prevent their healthcare costs from rising.	congress,health-care
True	Before this law was passed, Americans were told they could keep their current health care plans. After it became law, the administration issued regulations stating nearly half of Americans would lose their current plan.	health-care
True	After prenatal diagnosis, 90 percent of Down syndrome children in America are aborted.	abortion,health-care
True	A small majority of Americans dont think they like the Affordable Care Act, but a large majority of Americans dont want to do away with the protections that are in the Affordable Care Act.	health-care,polls
False	Health care premiums up 90 percent in New Hampshire.	health-care
True	The United States has the best health care delivery system in the world.	health-care
False	"The Democratic health care plan is a ""government takeover of nearly 20 percent of our economy."""	health-care
True	Ohioans can expect to pay up to 41 percent more for their insurance premiums when Obamacare takes effect next year.	government-regulation,health-care
True	The Affordable Care Act is making families pay double-digit premium increases.	health-care
True	Many uninsured Americans are young.	health-care
True	"During a town hall meeting on health care, ""ABC didn't even allow ads that opposed the president's health care plan to be aired."""	health-care
True	The impact of the 2010 federal health care legislation will be huge on Georgia.	health-care
False	By the year 2015 (Medicaid will) take up half our budget.	health-care
False	Says the Congressional Budget Office said if youre going to buy your own policy with these (health care) exchanges youll be paying 10 percent more ... about $2,100 more for a family.	health-care
False	Says a man opted out of Obamacare after the marketplace launched on Oct. 1, 2013, and was informed he owed a $4,000 fine.	health-care
False	Says that according to a study, under Obamas health care initiative, nearly 90 percent of people in Wisconsin with health insurance will have their costs go up by more than 30 percent.	health-care
True	Says that before health care reform, one of every three health care dollars spent -- more than $800 billion a year -- didnt go for health care.	health-care
True	As many as 22,000 Americans die each year because they dont have health insurance.	health-care
True	In America, we pay, by far, the highest prices in the world for prescription drugs.	economy,health-care
False	Obamacare isnt helping anyone.	health-care
False	It will cost $50,000 per enrollee in Obamacare over the next 10 years.	health-care,taxes
True	Says that under the new healthcare law, full- and part-time workers will be required to buy insurance costing $375 to $1,000 a month, starting in 2014.	health-care
True	"The CBO found that the House Republican health care plan would lower premiums by ""up to about 10 percent"" and, for purchasers in the individual market, ""those cost savings could even be higher."""	health-care
True	I just want to assure [you] were not talking about cutting Medicare benefits.	health-care,medicare
True	"John McCain ""took on the drug industry."""	health-care
True	A study by the University of Virginia pulls back the curtain on Medicaids tragically bad outcomes, including increased risk of adjusted mortality.	health-care,medicaid
False	(U.S. Rep. Jack Kingston) voted to fund (Obamacare).	health-care
False	A company with 20 employees could go out of business because of health care law requirements to buy insurance.	health-care,small-business
False	Did you know under President Obama family health care premiums have increased $4,154 on the average?	health-care
False	Says his patents in ultrasound have revolutionized modern medicine.	health-care
True	Every dollar spent in the new Obamacare system ... goes to private-sector insurance companies.	health-care
False	President Barack Obama is ending Medicare as we know it.	health-care,medicare
False	If I have affordable coverage in my workplace, Im not eligible to go into the marketplace. ... Its illegal.	health-care
True	If youre one of the more than 250 million Americans who already have health insurance, you will keep your health insurance.	health-care
False	Says Obamaexempted Congress and their staff from the full effect of the (health care) law.	health-care
False	Says the Medicaid fraud rate in Virginia was fact-checked and found to be 0.47 percent.	health-care,medicaid
True	Says Mitt Romney and Paul Ryan would eliminate the guarantee of Medicare.	health-care,medicare
False	Earlier this year, the head of the Congressional Budget Office testified before Congress that implementation of Obamacare would cost 800,000 jobs.	health-care,jobs
True	According to a recent poll, there are more young Republicans enrolled in their parents (health insurance) plans than young Democrats.	health-care
True	The employer mandate affects only 5 percent of businesses in this country.	health-care,small-business
False	There is majority support for the Democrats' health care plans.	health-care
False	When one person sneezes, it goes all the way through the aircraft.	health-care,transportation
True	More people without health care since George Bush took office; more children in poverty since George Bush took office.	health-care
False	On mandating health care coverage.	health-care
True	On using embryonic stem cells for medical research.	health-care
False	If we went back to the obesity rates that existed in 1980, that would save the Medicare system a trillion dollars.	health-care
False	Says a federal plan to expand Medicaid would cost Florida taxpayers $26 billion over 10 years.	health-care
True	Says the United States has the worlds greatest health care system.	health-care
False	"John McCain's health care plan ""leaves you on your own to pay McCains health insurance tax."""	health-care
False	Governing magazine has estimated that in the states that dont expand Medicaid, a minimum, they said of 40 percent of rural hospitals will close in those states...	health-care
False	In a sweetheart deal members of Congress, thanks to the Obama administration, are going to be the only people in America to get subsidies in the Obamacare exchanges.	health-care
False	Eighty-five percent of Floridians who will benefit from expanding Medicaid are single, childless adults.	health-care,medicaid
True	53 percent of Americans cut back on their health care in the last year because of costs.	health-care
True	Republican ideas on health care dont give people an option to even enroll in something that they can afford.	health-care
False	Says 50 million people would lose their health insurance if Obamacare is repealed.	debates,health-care
True	Three courts have found the new health care law constitutional and two have found it unconstitutional.	health-care,legal-issues
True	Ohio is probably top five in the country, sadly, in terms of heroin overdoses. Its now exceeded car accidents as the No. 1 cause of death in Ohio.	drugs,health-care
True	Florida is 49th in per capita spending on mental health care.	health-care
True	Weve saved over $100 million of (health care) costs in Milwaukee County. I did that.	health-care,job-accomplishments
True	To say a family has to buy a product from a private company is clearly beyond the delegated powers of the U.S. Constitution.	health-care
True	President Obama has broken his pledge to the American people to be transparent throughout (health care reform negotiations).	florida,health-care
False	Abortion is the second-most conducted surgical procedure in this country.	abortion,health-care
True	Mental health provisions related to mass shootings got over 90 votes in the Senate.	guns,health-care
False	Those who fail to buy health insurance under Obamacare face the threat of jail time.	health-care
True	The U.S. Court of Appeals for the Fourth Circuit compared the health care law to buying a pepperoni and ham pizza from Dominos or Pizza Hut.	health-care
False	Obamacare adds trillions to our deficits and to our national debt.	federal-budget,health-care
False	Health insurance companies are making record profits, right now.	corporations,health-care
False	Idaho was the only Republican-led state in the nation that chose to partner with President Obama by creating a state-based marketplace under the Affordable Care Act.	health-care
False	The average cost for health insurance in Florida went from about $600 a month for an individual to about $150 a month.	health-care
True	Her health care plan will cost $110-billion in the first year, which can be paid for with savings.	health-care
False	The insurance risk corridors arent going broke like Republicans predicted.	health-care
True	"The health care plan for members of Congress ""is no better than the janitor who cleans their offices."""	health-care
False	In July 2010 the government said small businesses -- 60 percent -- will lose their health care, 45 percent of big business and a large percentage of individual health.	health-care
False	Alex Sink wants to cut Medicare.	health-care,medicare
True	"Every family health insurance policy has ""a $900 hidden tax"" to subsidize health care costs of the uninsured."	health-care
False	"In the Senate version of the health reform bill, ""Every enrollee in the Office of Personnel Management enrolled plan, every enrollee has to pay a minimum of $1 per month towards reproductive rights, which includes abortion."""	abortion,health-care
False	Preventive care saves money, for families, for businesses, for government, for everybody.	health-care
True	15 years ago, cancer drugs cost an average of $10,000 a year. Now its $10,000 a month.	health-care
False	Says Mark Udall decided Obamacare. ... He passed Obamacare with his vote.	health-care,voting-record
False	Obamacare was invented by liberal academic theorists.	health-care
False	The Congressional Budget Office most recently came out and analyzed the current (health care) plan and said that it was not only deficit-neutral, but also that over 10 years it would create a $6 billion surplus.	health-care
False	The health care reform bill is the largest tax increase in U.S. history.	health-care,taxes
True	For what we spend in just one week in Iraq, 800,000 children could get health insurance for an entire year.	health-care
True	Less than four cents of every health care dollar is spent on prevention and public health.	health-care
True	Health care reform will not affect veterans' benefits.	health-care,veterans
True	Medicaid is the primary source of health insurance for 41.7 percent of Hispanic children in Georgia.	health-care
False	The majority actually want single-payer health care.	health-care
False	"Under John McCain's health care plan, people get a $5,000 tax credit to buy a $12,000 health care policy, and ""that's a loss for you."""	health-care
True	Republicans are now taking credit for provisions of the health care bill that they had tried to derail.	health-care
True	300,000 Floridians will lose their current health plans because of Obamacare, a plan Alex Sink supports.	health-care
True	Says the Affordable Care Act has already reduced the number of uninsured in Oregon by 10 percent.	health-care,public-health
False	Says 74 percent of small-business people believe that Obamacare is a bad idea.	health-care
False	Everyone in this country has access to health care.	health-care
False	TheAffordable Care Actalters the sensible doctor-patient-relationship-centered health care program ... we see today.	health-care
False	Klein did not hold a single town hall meeting (on health care) where the general public was invited to ask questions or present their views.	health-care
False	In Virginias Medicaid program, approximately 30 percent, or $2.7 billion a year, is lost to waste, fraud and inefficiencies.	health-care,medicaid
False	Did you know ObamaCare will cost nearly twice as much as initially expected -- $1.8 TRILLION?	health-care
True	Due to Obamacare, Arkansas has covered almost 14 percent of its uninsured already.	health-care,states
False	The health care law is the largest tax [increase] in the history of our country	health-care,taxes
True	Obamacare cuts $500 billion in future Medicare funding in order to fund the new constitutionally questionable government mandate, even going so far as to scuttle Medicares most popular (and successful) part, Medicare Advantage.	health-care,medicare
True	Says President Barack Obama has amended, delayed, or repealed 19 components of his very own (health care) law.	health-care
False	Secretly, unbeknownst to members of Congress, over $105 billion was hidden in the Obamacare legislation.	federal-budget,health-care
False	Democratic U.S. House candidate Julie Lassa pushed for a Canadian-style government takeover of health care.	health-care,message-machine
False	"Health care reform ""establishes a new board of federal bureaucrats (the 'Health Benefits Advisory Committee') to dictate the health plans that all individuals must purchase."""	health-care
False	Says Barack Obama knew half of the population of the United States would lose their health insurance.	health-care
True	If you like your health care plan, you can keep your health care plan.	health-care
False	In Florida, 300,000 people are going to lose their individual coverage because of Obamacare. Now those people next year, they dont have health insurance.	health-care
False	Says that even if you have no children, under Obamacare, you would still have to carry insurance that covers pediatric, maternity and newborn care even though you do not need it.	health-care
True	"John McCain would ""reduce oversight of health insurance."""	health-care
False	Recent census data shows that the average American family spends over $13,000 a year for health care coverage.	health-care
True	"A report by the health insurance industry ""ignores some of the key policies that are part of the Senate Finance Committee bill."""	health-care
False	I had prostate cancer, five, six years ago. My chance of surviving prostate cancer, and thank God I was cured of it, in the United States, 82%. My chances of surviving prostate cancer in England, only 44% under socialized medicine.	health-care
False	The Democrats propose a government-controlled health care plan that will deprive roughly 120 million Americans of their current health care coverage.	health-care
False	It took Obama six months to pick out a family dog, but he's cramming health care reform down the country's throat in a fraction of that time.	health-care
True	1 in 4 Rhode Islanders under the age of 65 does not have health insurance.	health-care
True	One of three patients hospitalized (is) harmed by the care they receive.	health-care
True	Up to half of all Americans have a pre-existing condition.	health-care
True	Defensive medicine costs Georgia up to $14 billion a year.	health-care,legal-issues
True	Rhode Island will become just the second state to mandate the vaccine and the only state to do so by regulatory fiat, without public debate, and without consideration from the elected representatives of the people.	government-regulation,health-care
False	Says Tom Barrett supports a government takeover of our health care	health-care,message-machine
False	The Republican-authored state budget includes a provision forcing people earning as little as $12,000 to buy private health insurance that could cost them as much as $4,000 per year.	health-care,state-budget
True	We have $60 billion in 2010 in Medicare fraud.	health-care,medicare
False	Says 2010 was the worst year ever for Americas doctors reimbursed by Medicare.	health-care
True	A large number of the uninsured earn $75,000 or more a year.	health-care
True	A fairly limited number of people, 25 million to 30 million, will be allowed to access a national health insurance exchange.	health-care
True	The United States death rate is two-and-a-half times higher for those who do not have a high school education.	education,health-care
True	The Republicans have repeatedly said that they agree with 80 percent of what's in our bill.	health-care
True	Switzerland and the Netherlands . . . cover all their citizens using private insurers, and they do so for much less cost.	health-care
True	There are countries in Africa where they have higher vaccination rates than here in the United States.	health-care,public-health
False	The health care law includes a 3.8% sales tax on all real estate transactions.	health-care,taxes
False	One-third of the health care dollar goes to no such thing as health care; it goes to the insurance companies.	corporations,health-care
False	Seniors and the disabled will have to stand in front of Obamas death panel so his bureaucrats can decide, based on a subjective judgment of their level of productivity in society, whether they are worthy of health care.	health-care
True	Its a good sign for Obamacare that in California, the proportion of kids who are signing up is the proportion of kids in the population.	health-care
False	"Over the past few months, we've learned that ""we just can't count on the media to debunk"" lies about health insurance reform."	health-care,pundits
False	Says a new report shows the devastating tax hikes (in the health care law) will have on middle-class Kentuckians.	health-care,taxes
False	All non-US citizens, illegal or not, will be provided with free health care services.	health-care,immigration
False	With Obamacare, were fixing to get hit with the biggest entitlement program the American taxpayers have ever seen.	federal-budget,health-care
False	Obamacare means that for up to 20 million Americans, they will lose the insurance they currently have, the insurance that they like and they want to keep.	health-care
False	Under last years health care reform, a bunch of bureaucrats decide whether you get care, such as continuing on dialysis or cancer chemotherapy.	health-care
False	The Department of Veterans Affairs has a manual out there telling our veterans stuff like, 'Are you really of value to your community?' You know, encouraging them to commit suicide.	health-care,veterans
