label,statement,subjects
mostly-true,The United States has the highest corporate tax rate in the free world.,"corporations,taxes"
mostly-true,We cut business taxes so today 70 percent of our businesses dont pay a business tax.,"small-business,taxes"
barely-true,"Sen. McCain's tax plan provides ""virtually nothing to the middle class.""",taxes
half-true,"The IRS also investigated liberal groups, groups that had progressive in their name. ... The IRS was basically looking at everybody.","elections,taxes"
mostly-true,"The years that I was speaker, the Florida House consistently offered leaner budgets than the governor offered.","state-budget,taxes"
mostly-true,It is a commitment voters take very seriously: The only incumbent in Ohio to break his Pledge and vote for Ted Stricklands income tax hike was defeated soundly on Tuesday.,"elections,taxes"
pants-fire,David Dewhurst has a record of promoting an income tax.,taxes
true,"Says Rep. Jim Weidner proposed a bill taking away health care for 80,000 of Oregons children.","health-care,taxes"
barely-true,Milwaukee Mayor Tom Barrett has held the line on property taxes.,"job-accomplishments,taxes"
half-true,One percent of the American people make over 21 percent of all the income in America. That wasnt the way before George Bush became president.,taxes
mostly-true,"Says allowing the payroll tax holiday to expire would end up costing another estimated 900,000 jobs in 2012.",taxes
half-true,"Says Sen. Sherrod Brown admitted that his $787 billion stimulus law failed and after specifically attacking Republicans for wanting to lower Americans taxes, (he) now claims that his stimulus bill didnt do enough to lower taxes.","stimulus,taxes"
mostly-true,"In the 1950s, ""A lot of people got rich and they had to pay a top tax rate of 90 percent.""",taxes
half-true,Says Gov. Chris Christies proposal to reduce state income taxes would be the second tax cut for the rich by the governor in two years.,taxes
false,The top 1 percent pay over half of the entire revenue for this country.,taxes
half-true,Chris Christie has not increased the taxes on anyone.,taxes
mostly-true,If you got rid of the income tax today you'd have about as much revenue as we had 10 years ago.,taxes
half-true,"Says the CBO estimates that fully extending the Bush tax cuts would add 600,000-1.4 million jobs in 2011 and 900,000-2.7 million jobs in 2012.","economy,taxes"
half-true,"According to David Cay Johnston, the average American pays about 22 percent of their income to federal taxes. The richest 400 Americans pay about 16 percent of their income to federal taxes.","pundits,taxes"
mostly-true,"In 1952, the corporate income tax accounted for 33 percent of all federal tax revenue. Today, despite record-breaking profits, corporate taxes bring in less than 9 percent.","corporations,taxes"
pants-fire,Says two-thirds of groups targeted for IRS scrutiny were not conservative.,taxes
barely-true,"As a U.S. senator with salary and perks, ‪#Bernie‬ is in the top 1 percent, but still paid only 13 percent in taxes last year.","income,taxes"
pants-fire,"Shes voted for 60 tax increases, hurting the middle class and small businesses.",taxes
barely-true,"Republican (small business tax cut) bill spends $80 million for better Google searches, not job creation","small-business,taxes"
barely-true,America is one of the highest-taxed nations in the world.,taxes
half-true,"As governor of Arkansas, I cut taxes and fees almost 100 times, saving the taxpayers almost $380-million. I left a surplus of nearly $850-million.",taxes
half-true,I havent raised taxes in the time Ive been the governor of New Jersey.,taxes
mostly-true,Gov. Maggie Hassans budget proposal raises taxes on small businesses and increases taxes and fees by $100 million.,"state-budget,taxes"
half-true,Democrats are kind of falling over each other seeing who can raise taxes faster. It looks like they're going to raise taxes anywhere between 20 to 30 percent.,taxes
true,Trump proposed enacting the largest tax increase in American history.,"candidates-biography,taxes"
half-true,"Kim Myers voted repeatedly to raise taxes on the people of Broome County, but made millions off of tax savings when her family business relocated its headquarters.",taxes
barely-true,Says real estate taxes were put in place to pay for Obamacare.,"health-care,taxes"
barely-true,We do not want to raise anybodys tax rates. Thats never been on the table.,"taxes,abc-news-week"
barely-true,Weve got a personal tax system thats so complicated it costs Americans about $500 billion a year to comply with the current tax code.,taxes
true,"In fiscal year 2011-2012, 4,191 abortions were paid for by taxpayers via the Oregon Health Plan.","abortion,taxes"
false,"After how hard you work and how much you pay in taxes, New York City ends up getting the money. Im Chris Jacobs. I think its time we have someone in Albany thats making sure our region gets our fair share",taxes
false,Mitt Romney is the first major party candidate for president of the United States in modern times not to release at least 12 years of tax returns.,"candidates-biography,taxes"
mostly-true,Says Ohio law gives tax breaks to rich people who own private jets.,"state-budget,taxes"
true,Says New Hampshire has the third-highest property tax in the country.,"corrections-and-updates,taxes"
true,"Obama's tax plan cuts taxes ""for 95 percent of all working families.""",taxes
true,Americans spend 6.1 billion hours a year on tax preparation.,taxes
mostly-true,"In first week as governor, Tim Kaine proposed a nearly $4 billion tax increase, $4 billion, including a tax increase on people earning as little as $17,000 a year.",taxes
half-true,"Mitt Romneys pledged to protect (oil companies) record profits and their billions in special tax breaks, too.","energy,taxes"
half-true,The FCCs net neutrality policy includes whatis essentially a massive tax increase.,"taxes,technology"
barely-true,Says six studies verify that the math adds up for Mitt Romneys tax plan.,taxes
false,"A three-cents-per-ounce soda tax in Philadelphia would result in the loss of 2,000 family-sustaining Teamster Union jobs and countless other jobs in the beverage industry.",taxes
true,Says 51 percent of federal tax filers paid zero federal income tax.,taxes
mostly-true,Says businesses pay roughly 60 percent of taxes in Texas.,"state-budget,taxes"
half-true,Says Arizona congressional candidate Ray Strauss is a Champion of Big Government for his votes to raise taxes while on the local city council.,taxes
true,Says Oregon is near the top or at the top of the list when it comes to capital gains tax,"state-budget,taxes"
pants-fire,Says Texas voters are being asked to act this November on a proposed constitutional amendment affecting property taxes.,"elections,taxes"
half-true,David Perdue said hed raise taxes.,taxes
barely-true,The IRS will have the ability potentially to deny or delay health care.,"health-care,taxes"
true,"For the average middle-class family, your taxes today are lower than when I took office.","job-accomplishments,taxes"
mostly-true,Says the United States has the highest corporate tax rate in the world.,"corporations,taxes"
half-true,Not one tax has been raised since Ive been governor.,taxes
half-true,The average American is working through the month of May just to pay off the government.,taxes
true,The city of Atlanta has either the highest or second-highest average water bills in the country.,"taxes,water"
mostly-true,And delivered more tax relief than the other Republicans combined.,taxes
barely-true,Tom Ganley supports a 23 percent national sales tax that would raise taxes on the middle class while giving a huge tax break to millionaires like himself.,taxes
mostly-true,Bill Howell has been the consistent force behind every major tax increase in Virginia in the last decade.,"taxes,voting-record"
mostly-true,"Ed Gillespies 2006 book promoted an individual health care mandate, and recommends that it be enforced by the IRS through the income tax code.","medicaid,taxes"
true,Says income tax rates under Eisenhower were as high as 90 percent.,taxes
half-true,Wisconsin is one of the highest taxed states in the nation.,taxes
half-true,Gwinnett County government has made significant cutbacks in staffing.,"county-budget,taxes"
true,Americans spend 6.1 billion hours a year complying with tax law. It costs us $163 billion to comply with our tax laws annually.,taxes
true,Says hes signed a pledge not to raise taxes four times.,taxes
mostly-true,Mike Huckabee raised taxes on dog groomers!,taxes
barely-true,I've traveled the country advocating for the FairTax ...,taxes
true,"Fifty-one percent -- that is, a majority of American households -- paid no income tax in 2009. Zero. Zip. Nada.",taxes
barely-true,Says five studies show his tax plan can cut rates and still bring the same revenue without raising taxes on the middle class.,taxes
barely-true,"Last week Senator Obama's running mate said, get this, 'Raising taxes is patriotic.' ",taxes
false,"When the United States ""first created the federal income tax, frankly, nobody below a million dollars a year paid anything.""","history,taxes"
barely-true,"John McCain offers ""billions in tax breaks for oil and drug companies, but almost nothing for families like yours.""",taxes
pants-fire,"Sen. Sherrod Browns vote helped pass Barack Obamas job-killing health care law, which slapped small businesses throughout Ohio with a $500 billion tax increase.","health-care,taxes"
false,"On tax inversions, the Wall Street Journalsurprisingly attacked this tax scheme.",taxes
pants-fire,2014 Federal Tax Refunds To Be Delayed Until October 2015.,taxes
false,"Dan Gecker voted to double vehicle registration fees, costing (Chesterfield) county residents over $6 million annually.","county-government,taxes"
pants-fire,"The working tax cut created over 40,000 new jobs in just the last four years.",taxes
false,Weve got more revenue than we ever have.,"economy,taxes"
true,The Florida Legislature raised taxes and fees by almost $2 billion in the 2009 session.,"economy,taxes"
false,"I have had to fill out FEC reports for the past six years now, and theyre much more detailed than a tax return...",taxes
mostly-true,Fifty percent of Speaker Gingrichs tax plan goes to the top 1 percent.,"new-hampshire-2012,taxes"
mostly-true,Says the state tax burden per citizen in New York is twice as high as in Florida.,"economy,taxes"
mostly-true,Says New Jersey is 50th in return of our federal tax dollars.,"states,taxes"
barely-true,"Says someone earning $50,000 a year will fare better under his 9-9-9 plan than under the current tax system.",taxes
false,"Says the Internal Revenue Service estimated it must hire 16,500 agents at a cost of $10 billion to the taxpayer to enforce the federal health care overhaul.","health-care,taxes"
true,The top 1 percent (of income earners) paid 36.7 percent (of the taxes). ... The top 50 percent pay 97.7 percent.,"income,taxes"
mostly-true,"John McCain ""voted against the Bush tax cuts, both times.""",taxes
barely-true,"Says state Sen. Randy Hopper, R-Fond du Lac, unlike typical taxpayers, didnt pay taxes","income,taxes"
barely-true,Says families now pay out 40 percent of their income to taxes.,"income,taxes"
false,A 5-cent charge on paper bags is a tax.,"environment,taxes"
barely-true,"Obama ""says he'll raise taxes on electricity.""",taxes
mostly-true,Florida has the third most-regressive tax structure.,"poverty,taxes"
false,The 9-9-9 plan does not raise taxes on those that are making the least.,"poverty,taxes"
false,Clayton County offers the lowest operating millage rate in Metro Atlanta.,taxes
true,"Due to ... tax cuts and lower (property) values, 2009 property taxes were almost $3 billion below 2007 property taxes.",taxes
false,"Should Democrats get their way, every income tax bracket will increase on Jan. 1, 2011. Every single one.",taxes
false,Jeanne Shaheen was principally involved in a plot with Lois Lerner and President Barack Obamas political appointee at the IRS to lead a program of harassment against conservative nonprofit groups during the 2012 election,"government-regulation,taxes"
barely-true,Currently we have some 40-45% of Americans who are not paying any taxes.,taxes
mostly-true,"Barack Obama said ""people making less than $250,000 would benefit from his plan"" then said ""if you're a family making less than $200,000, you'll benefit.""",taxes
half-true,"Independent analysts found that Trumps tax plan, given to the wealthy and big corporations, would rack up $30 trillion in debt.","debt,taxes"
true,Finance experts estimate that paying in cash for the $2.5 billion in projects funded by the sales tax saved Gwinnett County more than $1 billion in interest payments.,"county-budget,taxes"
mostly-true,About two-thirds of all consumption is services. . . It was just the opposite when the sales tax was enacted in the 30s.,"state-budget,taxes"
barely-true,"As state Commerce secretary, Mary Burke drafted, sponsored and promoted budgets that raised taxes by billions, created high structural deficits and raided funds to finance huge spending hikes.","state-budget,taxes"
false,"In my years in the State Legislature, I have never voted for a tax increase.","message-machine-2012,taxes"
barely-true,"Barack Obama promises higher taxes on ""the sale of your home.""",taxes
mostly-true,We will not ask for a tax increase to run city government.,"education,taxes"
barely-true,Tim Kaine broke a campaign promise not to raise taxes.,"state-budget,taxes"
true,Says that Wall Street hedge fund managers pay a lower tax rate than does a sheet metal worker in Parma or a school teacher in Cleveland.,"income,taxes"
true,Says Warren Buffett has publicly said his secretary should not be paying a higher tax rate than him.,taxes
mostly-true,Says Charlie Crist raised taxes on the middle class by $2.2 billion.,taxes
barely-true,"Obama ""has voted in the United States Senate to increase taxes on people who make as low as $42,000 a year.""",taxes
true,"Says Mitt Romney is proposing a tax cut that gives an average of $250,000 to every millionaire in this country.",taxes
true,Says the Multnomah County Library system is the second busiest in the nation.,taxes
false,"Every time weve cut the capital gains tax, the economy has grown. Whenever we raise the capital gains tax, its been damaged.","economy,taxes"
true,Pat Toomey advocated for eliminating all corporate taxes.,taxes
true,Republicans in Congress refuse to list a single tax loophole they are willing to close.,"federal-budget,taxes"
true,"We passed without, frankly, the help of the Republican caucus, we passed 25 tax cuts last year, mostly aimed at the middle class and small businesses.","stimulus,taxes"
false,Property taxes are now 18% higher than when(Mark Sharpe)first took office.,taxes
true,What happens is people like Warren Buffett and he says this himself...pay 15 percent on the millions of dollars that they earn from wealth income... while their secretary is paying a higher rate on her work income. It's not right.,taxes
false,Says Hillary Clinton wants to raise taxes on African-American owned businesses to as much as nearly 50 percent more than theyre paying now.,"small-business,taxes"
true,"Ronald Reagan raised taxes in 1982, 1984, 1985, 1986 and 1987.","deficit,taxes"
mostly-true,"Thanks to our reforms, the average family will have an extra $322 to spend.","state-budget,taxes"
true,"When oil and gas prices sent state revenues up, Palin sent ""a large share of that revenue directly back to the people of Alaska.""",taxes
half-true,"If we dont spend money on a pier, then that money does wipe into the general funds of the city or the county, and if you send it to the county, you never see it again.",taxes
mostly-true,(Strickland) raised taxes last year to the tune of $840 million.,taxes
mostly-true,"While in the Illinois Senate, Barack Obama passed ""tax cuts for hard-working families.""",taxes
true,Some politicians want to put new taxes on a lot of groceries.,taxes
mostly-true,Republicans approved 12 times larger tax breaks for people making over 350 grand than for the average middle-class person.,"state-budget,taxes"
mostly-true,"Forty aides who serve President Barack Obama owe $333,485 in back taxes.",taxes
barely-true,Sen. McCain's economic plan gives nearly $4-billion in tax breaks to the oil companies but doesn't provide any tax relief to more than 100-million middle-class families.,taxes
half-true,"The 30 percent tax rate called for under President Barack Obamas proposed Buffett Rule is lower than the prescribed tax rate for millionaires already -- not just for millionaires, for people making over $200,000.",taxes
false,Says Damascus disincorporation would produce NO significant tax savings.,taxes
false,"Loranne Ausleys a financial train wreck for taxpayers -- pushing gas taxes, property taxes, taxes on seniors.","message-machine,taxes"
barely-true,McCain supports tax breaks for companies that ship jobs overseas.,taxes
mostly-true,"Extending current tax rates would average more than $100,000 a year to millionaires and even billionaires.","taxes,abc-news-week"
pants-fire,Democrats are poised now to cause this largest tax increase in U.S. history.,taxes
barely-true,"Says U.S. Rep. Tammy Baldwin, a candidate for Senate, supports raising taxes by $858 billion.","message-machine-2012,taxes"
barely-true,"Obama's plan to raise the capital gains tax ""hurts the middle class.""",taxes
true,"By the end of this budget Im in right now, taxes will have been cut $4.7 billion in my state.","job-accomplishments,taxes"
true,"In fact New Jersey is a donor state, we get 61 cents back on every dollar we send to Washington. And interestingly Kentucky gets $1.51 on every dollar they send to Washington.",taxes
true,"Were spending $12,000 bucks a kid a year in the school system.","education,taxes"
false,Says the states budget shortfall is not that much different than it was in 2003.,"state-budget,taxes"
mostly-true,Says middle-class New York State residents will have the lowest tax rate in 70 years.,taxes
half-true,My plan offers three times as much tax relief to the middle class as Senator McCain's.,taxes
half-true,"Under Obama's tax plan, ""95 percent of you will get a tax cut.""",taxes
true,There was no surge in 501(c)(4) applications in 2010.,taxes
false,"Says that under his tax plan, no matter where you are in the stratosphere, youre going to be getting a tax cut.",taxes
pants-fire,Says Wisconsin Gov. Scott Walkers budget calls for raising property taxes by nearly $500 billion.,"state-budget,taxes"
half-true,Says tax revenues are the lowest they have been since World War II.,taxes
half-true,The health care bill has six years of costs against 10 years of tax revenue.,"health-care,taxes"
half-true,I will keep taxes low and cut them where I can. My opponent will raise them.,taxes
half-true,Gubernatorial candidate Maggie Hassan supported 33 tax and fee increases as Senate Majority Leader.,taxes
half-true,One out of four corporations doesnt pay a nickel in (federal income) taxes.,taxes
barely-true,"Obama creates new tax on Christmas trees, fees get passed on to consumers.","agriculture,taxes"
mostly-true,"Obama says McCain went to Bermuda and ""pledged to protect tax breaks for American corporations that hide their profits offshore.""",taxes
pants-fire,"The administration raises revenue for nationalized health care through a series of new taxes, including a light switch tax that would cost every American household $3,128 a year.",taxes
false,"When the New Hampshire Legislature raised the gasoline tax, gas prices in the state were skyrocketing.","energy,taxes"
pants-fire,Says Mitt Romney did not pay taxes for 10 years.,"candidates-biography,taxes"
true,My property taxes went down largely because my technical college portion went down 35.5% because of the money we put in at state.,taxes
true,Says Multnomah County libraries are open 44 hours per week the lowest of any library in the four-county region.,taxes
true,"Now, I also support the Bush tax cuts. Sen. McCain voted against them originally. He now believes they should be made permanent. I'm glad he agrees they should be made permanent.",taxes
half-true,Brookhaven homeowners pay hundreds of dollars less in property taxes compared with owners of the same-value homes in unincorporated DeKalb County.,taxes
false,The American people spoke pretty loudly. They said stop all the looming tax hikes....,taxes
true,"There have been literally hundreds of new tax preferences and loopholes added to the code since 1986, last time we did this.",taxes
false,Hillary Clinton and Barack Obama want to raise taxes on all income brackets.,taxes
half-true,"Says U.S. Senate rival Tommy Thompson wants to give a new $265,000 tax cut to millionaires like himself while raising taxes on the middle class.","message-machine-2012,taxes"
barely-true,We cut property taxes by one-third in the state of Texas while Ive been governor.,"new-hampshire-2012,taxes"
mostly-true,"Huckabee ""was one of the highest taxing governors that we had in this country and rivaling Bill Clinton in terms of the Cato ratings.""",taxes
pants-fire,"Obama would ""experiment with socialism.""",taxes
barely-true,"Says Hillary Clinton voted to raise taxes on workers earning as little as $41,500.",taxes
mostly-true,Says Chris Christie inherited the highest taxes in America and the worst unemployment in the region.,"jobs,taxes"
mostly-true,We were able to provide $428 million worth of property tax relief.,"state-budget,taxes"
mostly-true,"Wisconsins state budget is almost twice as large per person as the state budget of Texas, and even after billions in tax cuts, Wisconsins working families and businesses remain subject to a heavy tax burden.","state-budget,taxes"
false,"Says CNNs Wolf Blitzer was wrong to say that the wealthiest Americans, they pay the most in taxes already -- 50 percent of Americans dont even pay any federal income tax.",taxes
pants-fire,Bernie Sanderss plan is to raise your taxes to 90 percent.,taxes
mostly-true,"Never once did they (House Republicans) actually cut spending or reduce the state budget. Even when they cut taxes in 2005, they increased spending. They never paid for their tax cuts.","state-budget,taxes"
pants-fire,I am the only candidate who ran in either the Democratic or the Republican primary who said from the very beginning (that) I will not raise taxes on the middle class.,"income,taxes"
half-true,John Boozman is excited about putting a 23 percent national sales tax on everything you buy.,"message-machine,taxes"
mostly-true,"The federal government owns 30 percent of the land in the 50 states, or about 650 million acres.","federal-budget,taxes"
false,The New York Times writes this long story about Donald Trumps tax returns but didnt point out there was no wrongdoing until paragraph 18.,"candidates-biography,taxes"
pants-fire,"No Republicans voted for recent hikes in the income tax, payroll tax, capital gains tax, dividend tax and estate tax. These taxes were all passed under Obamacare.","health-care,taxes"
true,"The top 1 percent of income earners pay 40 percent of all state income taxes, and those at the bottom pay little or nothing.",taxes
true,"Amiddle-class family donates $1 to charity, they get 15 cents off their income tax. Bill Gates donates $1 to charity, he takes 35 cents off his income tax.",taxes
barely-true,Recommendations for a major tax overhaul for Georgia are an overall tax hike.,taxes
mostly-true,Odd fact for odd draft: No. 2 overall pick will earn more than the No. 1 pick due to no state tax in Florida. So 2 not so bad.,"sports,taxes"
half-true,Tim Kaine proposed over $6 billion in tax increases from the time he entered the governors mansion until the time he left.,"state-budget,taxes"
half-true,Says Richard Devlin raised your taxes by $1 billion in a single day.,taxes
false,Says in Newark were paying 80 percent of the school budget from local property taxes.,"education,taxes"
half-true,The Fair Tax proposal encourages innovation and investment level the playing field for American companies to compete globally.,taxes
barely-true,Says the Simpson-Bowles deficit reduction proposal urged raising $2 trillion in new revenue.,"federal-budget,taxes"
false,Says he has a track record of not raising taxes.,taxes
mostly-true,"Right now, we have the lowest gas tax of anywhere in the country.","taxes,transportation"
mostly-true,Providence has amongst the highest tax rate(s) in the entire country.,taxes
barely-true,Says Democratic state Sen. Jim Holperin voted against a property tax freeze in 2009 and then voted for a $1.5 billion property tax hike.,"state-budget,taxes"
mostly-true,"Our debt now is about $140,000 per household.","debt,taxes"
mostly-true,"One man (New Castle, Del., County Executive, Chris Coons) thought property taxes should be hiked almost 50 percent.","message-machine,taxes"
half-true,Says proponents of a bond package for the Austin school district say the district has the second-lowest bond tax rate among the Central Texas area school districts.,"education,taxes"
false,[Eighty-five percent] of the funds collected in each county will be redistributed elsewhere -- not spent in the county in which it is collected.,"taxes,transportation"
half-true,Says Mitt Romney has put forward a plan that would cut taxes for millionaires while raising them for the middle class.,taxes
barely-true,"Says Romney tax plan could take away middle-class deductions for child care, mortgages and college tuition.","message-machine-2012,taxes"
true,Americas wealthiest 25 percent pay 86 percent of total income taxes. Wealthiest 5 percent pay 60 percent of total income taxes.,taxes
half-true,Most of the Bush tax cuts went to people in the top 3 percent of this country.,taxes
true,"If voters agree in November to approve a one-cent sales tax increase, that will give ""Hillsborough County the highest sales tax of all Florida counties.""","taxes,transportation"
half-true,"As governor, Mike Huckabee supported higher income taxes, sales taxes, gas taxes, grocery taxes, tobacco taxes, beer taxes, Internet taxes, nursing home bed taxes.",taxes
false,I didnt raise taxes once.,taxes
barely-true,Oregon is spending $10 million advertising Obamacare with ads that dont even mention the program and how to enroll in it and that dont mention the word insurance.,taxes
half-true,Its estimated we leave somewhere north of $350 billion a year - thats billion - a year on the table uncollected because IRS doesnt have the resources.,"government-efficiency,taxes"
mostly-true,The United States currently has the highest corporate tax rate in the world.,"corporations,taxes"
mostly-true,Weve got the highest corporate tax rate in the world.,taxes
true,Says the top 20 percent of income earners pay nearly 70 percent of all federal taxes.,taxes
true,Senator McCain voted against the Bush tax cuts. Now he's for them.,taxes
false,Right now were the highest taxed country in the world.,taxes
half-true,On tax breaks for businesses,taxes
mostly-true,"Barack Obama ""cut taxes for working families.""",taxes
half-true,"The Democratic health care bill will ""collect higher taxes for 10 years and provide health care for only six years.""","health-care,taxes"
false,The IRS is going to be in charge of our health care.,"health-care,taxes"
half-true,"You've got a building in the Cayman Islands that supposedly houses 12,000 corporations. That's either the biggest building or the biggest tax scam on record.",taxes
pants-fire,Says Marilinda Garcia supports $150 billion in new taxes.,"economy,taxes"
mostly-true,"Virginia is headed towards another surplus this year, unlike most states.","state-budget,taxes"
pants-fire,Says our taxes have doubled with Rick Perry in office.,taxes
mostly-true,Travis County now has the highest urban county tax rate in Texas.,taxes
false,"For the new state budget, ""Floridians have sent us $3 billion less of their funding.""","state-budget,taxes"
mostly-true,"During the Reagan era, ""the richest Americans had their top income tax rate cut in half.""",taxes
false,"Rubio's tax swap proposal ""would have been a massive tax increase.""","candidates-biography,taxes"
half-true,Our tax code is so complicated it extracts $140 billion in extra tax preparation costs every year - one thousand dollars for every American family.,taxes
half-true,"...some of those (tax increases) were either court-ordered, or they were voted on by the people and approved by the people for (such) things as roads.",taxes
barely-true,"Mike Madigan made a fortune on tax appeals Saving his friends millions... Its an inside game played by people like Merry Marwig, Madigans hand-picked candidate. When Marwig thought her property taxes were too high she got them lowered at your expense. Saved so much she did it again. Marwig and Madigan: Profiting from the same corrupt system.",taxes
true,Tennessees grocery tax is one of the highest in the nation.,taxes
false,"The 48, 49 percent that supports President Barack Obama are people who pay no income tax.",taxes
half-true,"In Florida, for eight years we cut taxes every year, totaling $19 billion.","state-budget,taxes"
pants-fire,"Under Obama's budget plan, families making over $250,000 are going to lose their mortgage deduction, their charitable deductions.",taxes
barely-true,"Says Charlie Bass supports Paul Ryan plan that forces seniors to pay $6,400 a year more for health care so millionaires can pay less in taxes.","health-care,taxes"
half-true,"The Greenlight Pinellas 1-cent sales tax is permanent, we never get to vote on this again.","taxes,transportation"
mostly-true,"The average person only pays about $1,800 in state taxes which is the lowest of all 50 states.",taxes
pants-fire,Says raising the state income tax rate on millionaires to offset property taxes for other residents is not a tax increase. Its a tax shift.,taxes
mostly-true,"Under Ted Cruzs tax plan, businesses will now have to pay 16 percent on the money they make. They will also have to pay 16 percent on the money they pay their employees.",taxes
barely-true,"A new federal program provides subsidized ""Obama phones"" with 70 free minutes of cell phone service every month.","poverty,taxes"
half-true,Not one penny of (Californias Prop 67) bag ban tax goes to the environment.,"environment,taxes"
false,We worked together to enact ... the largest tax cut in Florida history.,taxes
false,Bill Nelson actually voted in favor of higher taxes 272 times.,taxes
false,"We have ten different tax brackets and if youre making $9,000, youre already in the top tax bracket.",taxes
true,Says he has never voted for raising taxes.,"candidates-biography,taxes"
half-true,"After merging with Tim Hortons of Canada, Burger King is not moving. Our headquarters will remain in Miami and (we) will continue to pay all of our federal, state and local U.S. taxes.","corporations,taxes"
true,"A far different picture from the prior eight years, which saw 115 increases in taxes and fees.",taxes
barely-true,"In 2001, former Federal Reserve chairman Alan Greenspan ""justified increasing spending and cutting taxes, saying that we didn't really need to pay down the debt.""","federal-budget,taxes"
false,I dont think the argument can be credibly made that the United States of America is undertaxed compared to our competitors.,taxes
true,Says half the Americans dont pay any income taxes.,taxes
false,The top 1 percent of income-earners pay about 40 percent of all taxes into the federal government.,"federal-budget,taxes"
pants-fire,You must list all your guns on your 2010 tax return.,"guns,taxes"
half-true,"Under Gov. John Kasichs budget proposal, the top one percent in Ohio will pay $10,000 less in income tax each year, but Ohios working and middle class families will pay more.","state-budget,taxes"
false,George Allencast the deciding votefor the 2003Bushtax cuts.,"taxes,voting-record"
false,Says Oregons political tax credit is something every state should have and no other state does.,taxes
barely-true,Obama has proposed 442 tax hikes since taking office.,taxes
true,"New Jersey has the highest property taxes in the nation and not by a little. They are the highest property taxes in the nation, more than double the national average.",taxes
barely-true,I said no to higher taxes and fees.,"candidates-biography,taxes"
true,"The Alternative Minimum Tax...was created by Congress in 1969 to affect 155 wealthy Americans. Because it was never indexed for inflation, those original 155 taxpayers has increased to affect about 3.5-million in 2006.",taxes
barely-true,If Gov. Romneys plan goes into effect the average senior would have to pay $460 a year more in tax for their Social Security.,"social-security,taxes"
mostly-true,The richest 1 percent of America will get a bigger tax cut through this bill than the family income of the average family here in Central Texas.,taxes
mostly-true,The United States already has the highest corporate tax rate in the world.,"corporations,taxes"
mostly-true,"On taxes, President Barack Obama wants to raise the top rate to 44.8 percent.",taxes
mostly-true,Weve seen property taxes go down for the first time in 12 years on a median valued home.,taxes
mostly-true,"Says President Barack Obama initially said the national health-care mandate isnt a tax, but his administration now says it is a tax.","health-care,taxes"
false,"Sen. Obama wants to ""enact the single largest tax increase since the Second World War.""",taxes
mostly-true,"Says that data from the Center on Budget and Policy Priorities suggest that the Texas budget gap is worse than New Yorks, about as bad as Californias, but not quite up to New Jersey levels.","state-budget,taxes"
half-true,Says he cut 'tax rates five times',"message-machine,taxes"
mostly-true,Americans now spend 100 days out of the year working for government before we even start working for ourselves.,taxes
true,The U.S. would gainrevenue by cutting personal income tax rates in half and ending tax breaks.,"deficit,taxes"
false,"Were the seventh highest taxed state in America. And thats not just state, its local as well.",taxes
barely-true,Estimates say individuals who escaped these high tax states have taken with them around $2 trillion in adjusted gross income.,taxes
mostly-true,"The Baucus health care bill would require taxes on medical devices such as X-ray machines, female condoms, HIV tests and surgical needles.","health-care,taxes"
true,"Taxpayers earning $1 million pay an effective tax rate that is about four times what taxpayers earning $100,000 pay.",taxes
barely-true,"Health proposal would create a ""40% tax on health care benefits of middle-class workers.""","health-care,taxes"
half-true,Says Mitt Romney pays less tax than the guys who installed his car elevators.,taxes
false,Democrats do not have a plan for extending the Bush tax cuts.,taxes
half-true,Tax dodging costs developing countries $200 billion every year.,"legal-issues,taxes"
mostly-true,There are polls showing right now that the American people for the most part think its a bad idea to provide tax cuts to the wealthy.,taxes
true,Five percent of Americans pay over half the income taxes in this country. Forty percent of Americans pay no income taxes at all.,taxes
mostly-true,There are no tax increases in this debt limit bill. Period.,"federal-budget,taxes"
true,(Ronald Reagan) raised taxes a billion dollars in his first year as governor of California.,taxes
pants-fire,"Small businesses that have $250,000 in gross sales for the business. Theyre the ones that are looking at massive tax increases.","small-business,taxes"
half-true,"Raising taxes on investment income has actually lowered the revenue received from the tax, while cutting capital gains tax rates has increased revenue.",taxes
half-true,Using a surcharge on the cigarette tax to help pay for a new downtown sports arena is not feasible under state law.,taxes
false,Were the most highly taxed nation in the world.,taxes
true,Says a change in law he carried stopped a $100 million tax increase in the Dallas school district.,"education,taxes"
half-true,"When we lower tax rates, we generate more in revenues. That happened in 86 with the Reagan plan, happened in 2001, following the Bush plan.","federal-budget,taxes"
mostly-true,"Bill Heller raises taxes. Property taxes. Small business taxes. He even wants to tax the Internet. Mr. Heller said no to balancing the federal budget, that puts more debt on our kids.","message-machine,taxes"
barely-true,Says Matt Bevin has repeatedly failed to pay his taxes.,"ethics,taxes"
half-true,A construction worker whos making $50 or $60 grand a year shouldnt be paying higher tax rates than the guy whos making $50 million a year. And thats how its working right now.,taxes
half-true,You cant raise taxes in Ohio. We are one of the highest taxed states in the country.,"message-machine,taxes"
barely-true,"Democratic tax hikes led $70 billion of wealth to leave New Jersey between 2004 and 2008, and mainly relocate to Florida, North Carolina, Virginia and Pennsylvania.",taxes
half-true,Says New Hampshire had the fourth-lowest unemployment rate in the country during Maggie Hassans time in the state Senate.,"jobs,taxes"
half-true,The annual cost of free tax credits alone paid to illegal immigrants quadrupled to $4.2 billion in 2011.,"immigration,taxes"
mostly-true,We created a flat tax in the state of Utah.,taxes
false,On signing a no-tax pledge,taxes
barely-true,"Hillary Clinton and Barack Obama want to raise capital gains taxes, which apply to home sales.",taxes
half-true,There are so many loopholes ... our businesses pay effectively one of the lowest tax rates in the world.,taxes
mostly-true,Taxes went down under Jerry Brown.,"message-machine,taxes"
false,The Americans for Tax Reform pledge relates to new taxes that were going to be initiated by legislative action.,taxes
half-true,Hillary [Clinton] wants to raise taxes by over a trillion dollars.,taxes
barely-true,"My plan actually gives the middle class the greatest break: $2,000 per family.",taxes
mostly-true,The highest economic growth decade was the 1960s. Income tax rates were 90 percent.,"economy,taxes"
mostly-true,"We have a tax code that allows groups to use their political operations within the tax code, under the guise of a charity, to use undisclosed millions of dollars to do political campaigns.","elections,taxes"
false,Were the highest taxed nation in the world.,taxes
mostly-true,Geithner's failure to pay self-employment taxes while working for the IMF is a mistake that is commonly made for people who are working internationally or for international institutions.,taxes
mostly-true,"Sen. Rubios (tax plan) would cut taxes for households making around $3 million a year by almost $240,000, which is way more than three times the earnings of a typical family.",taxes
barely-true,Ron Oakleys conservative leadership protected local taxpayers over government bureaucrats as theWater Management Districts budget decreased by 58 percent in the four years he served on the board.,"taxes,water"
false,Says his plan would cut taxes without increasing the deficit.,"federal-budget,taxes"
mostly-true,"Says DonaldTrump proposes tax cuts, too -- $3 trillion for millionaires like himself and $2 trillion for corporations like his.",taxes
true,"Tax rates were significantly higher ""in the '40s, the '50s, and the '60s.""",taxes
true,Our reserves are now in much better shape than they were just a few years ago.,"county-budget,taxes"
mostly-true,A $5-a-night hotel/motel tax thats part of the transportation bill will hurt Georgias convention business by adding extra costs for large groups coming to the state.,"taxes,tourism"
false,The United States has the most number of deductions available to corporations for the corporate income tax.,"corporations,taxes"
true,Says GOP recall challenger Kim Simac was delinquent paying her property taxes eight of the last nine years.,taxes
mostly-true,"Says while state leaders have cut funding for our schools and other basic priorities, the amount of money the state is projected to give away through tax breaks increased by a whopping $3.4 billion.","state-budget,taxes"
barely-true,Says Alex Sink supported higher sales taxes.,taxes
false,The reason 29 states no longer have a death tax is that the tax damaged their economic competitiveness.,taxes
half-true,"Barack Obama ""wants to nearly double the capital gains tax"" increasing taxes on ""mutual funds, 401(k)s"" for ""policemen, firemen, nurses.""",taxes
half-true,Says his average federal tax rate was 36 percent.,taxes
mostly-true,"Palin ""inherited a city with zero debt, but left it with indebtedness of over $22-million.""",taxes
true,"Grateful insurance company executives and their lobbyists from Bermuda gave McCain $50,000.",taxes
true,The proposed transportation tax plan revokes a tax-credit for consumers electric cars while the state retains similar credits for similar vehicles for businesses.,"taxes,transportation"
barely-true,We will have the highest general revenue in state history next year. Conservative pro-growth policies work in our state.,"economy,taxes"
half-true,"Obamacare is a massive, massive income redistribution with $250 billion a year in Medicaid expansion (and) in the subsidy structure thats basically being paid for by people on Medicare, through Medicare cuts, and a lot of tax increases.","health-care,taxes"
half-true,The income tax that started at 2 percent under Governor Byrne is now 9 percent.,"income,taxes"
mostly-true,Georgia lawmakers balanced the budget without raising taxes on residents.,taxes
pants-fire,"Starting in 2011, ""you will be required to pay taxes"" on ""the value of whatever health insurance you are given by the company.""","health-care,taxes"
half-true,Says there is a plan formulated by Chair (Lynn) Peterson and the cities in Clackamas County to further increase this fee in three years and split it up on projects between the county and cities.,taxes
mostly-true,"Since 1995, the top 400 wealthiest families have seen their incomes go up 400 percent and their tax rates go down 40 percent.","economy,taxes"
mostly-true,Weve cut taxes 50 times and look what has happened to our revenues. Theyve grown.,"state-budget,taxes"
mostly-true,"If Rhode Island applied a 1-percent sales tax on all items exempt from sales tax, ''the state would receive an additional $89,376,857.''",taxes
false,Did not vote for tax increases as a member of the West Miami City Commission.,taxes
mostly-true,"Says Tommy Thompsons tax plan amounts to an average tax cut of almost $87,000 for the top 1 percent.","federal-budget,taxes"
true,"Barack Obama and the Democrats have ""proposed a tax for not having health insurance.""","health-care,taxes"
mostly-true,Says President Barack Obamas proposed budget includes two new tax increases that would collect about $14 billion.,taxes
false,Says his tax plan wouldnt leave the federal government with a $1.1 trillion hole.,"federal-budget,taxes"
false,"If you make more than $250,000 a year you only really take home about $125,000.","pundits,taxes"
false,"If we use (Tax Increment Financing) funding, thats going to take funds from the general fund for Pinellas County, as it will take funds from the general fund for the city of St. Pete.",taxes
false,"When Jim Doyle was governor and Mary Burke was commerce secretary, Wisconsin saw billions in middle-class tax hikes on nursing home beds, gas, phones and garbage.","state-budget,taxes"
false,The Obama Administration's own White House Council of Economic Advisers has estimated 4.7 million Americans will lose their jobs if the (health care) bill passes.,"health-care,taxes"
pants-fire,"I am the only candidate who ran in either primary who said, I will not raise taxes on the middle class.",taxes
half-true,"By releasing only basic tax information, former U.S. Congressman Nathan Deal is hiding more than hes disclosed about his business dealing with the state.",taxes
half-true,"The Democrats' health care bill ""gives a new Health Choices Commissioner the right to look at an individual's tax return to determine what medical benefits or subsidies that person qualifies for.""","health-care,taxes"
false,"Obama plans ""a tax increase for everyone earning more than $42,000 a year.""",taxes
mostly-true,Charlie Crist raised taxes in 2009 and wont rule out raising taxes again.,"state-budget,taxes"
barely-true,Mitt Romneys platform ...wont protect the mortgage interest (tax) deduction for middle-class families.,"message-machine-2012,taxes"
barely-true,"Governor Christie, his idea of jumpstarting the economy is to propose a trickle-down income tax cut last year and in his budget address this year, he stated his support for it again.",taxes
barely-true,"In his very first budget, (Milwaukee) Mayor Tom Barrett broke his pledge to keep a lid on property taxes and has continued increasing taxes and fees ever since.","city-budget,taxes"
half-true,We cut taxes 24 times.,taxes
barely-true,"In the late 1980s, the U.S. was nearly the lowest-taxed nation in the world, and a quarter century later were nearly the highest.","history,taxes"
true,Says taxes paid by the poorest residents of Texas are above the national average.,"income,taxes"
barely-true,Says John Boehner changed his position on extending Bush tax cuts.,taxes
false,On opposing any and all efforts to increase taxes.,"taxes,transportation"
half-true,The health care reform law offset[s] 6 years of benefits with 10 years of tax increases.,"health-care,taxes"
barely-true,Says Democratic recall opponent Shelly Moore opposes any limit on taxes.,"state-budget,taxes"
false,Says President Barack Obama has not proposed one thing that would change the fact that Warren Buffett pays a lower tax rate than his secretary.,taxes
half-true,We have cut taxes more than 40 times in four years.,taxes
true,A tax on soda and juice drinks would disproportionately increase taxes on low-income families in Philadelphia.,taxes
half-true,Says taxes were raised 115 times in the eight years before I became governor and those increases were part of a path that led to wealth and jobs and people leaving our state.,taxes
half-true,"Under my predecessor, they cut funding for education, but they didnt give them anything in return to make up for that, leading to less money for school districts","education,taxes"
true,Says the typical homeowner will pay $4 more per month if library district passes.,taxes
half-true,Says Mitt Romneys plan calls for a $5 trillion tax cut.,"debates,taxes"
mostly-true,There are more members of the U.S. Senate than the number of WI families who would benefit from GOP estate tax break.,taxes
barely-true,"Many of (Hillary Clintons) friends took bigger deductions (than me). Warren Buffett took a massive deduction. (George) Soros, who is a friend of hers, took a massive deduction.",taxes
barely-true,"Says, Carl proposed a windfall tax on real estate development when he was a Metro Councilor.","taxes,voting-record"
false,Bill Nelson voted for higher taxes 150 times.,"debates,taxes"
false,"Pls refer to Jan.1 tax changes appropriately: theyre OBAMA TAX HIKES theyll slam every Americans savings, investments job opportunity",taxes
true,Forty-seven percent of Americans pay no income tax.,taxes
barely-true,"Because of Democratic tax hikes, New Jersey ended a decade with fewer private sector jobs for the first time in recorded history.","jobs,taxes"
barely-true,Says his tax and fee cuts will save households $540 over two years.,"state-budget,taxes"
barely-true,The American people dont want us to raise taxes.,"polls,taxes"
barely-true,Experts say the property tax is the most harmful to economic growth and . . . the sales tax is least harmful.,"economy,taxes"
barely-true,Even Richard Nixon released his tax returns to the public when he was running for president ...,"taxes,transparency"
false,"Democrats plan to keep student loan interest rates low by raising taxes on small businesses, very small businesses the kinds of small businesses that give jobs to graduates.","message-machine-2012,taxes"
false,"A cashier earning $20,000 per year pays the same (Virginia) income tax rate as a hedge fund manager earning $20 million per year.",taxes
pants-fire,"With a bill bringing $100 million in property tax relief, the typical Wisconsin homeowner will save approximately $680 over four years.","state-budget,taxes"
mostly-true,Georgia has some of the highest gas taxes in the Southeast but one of the lowest taxes on gasoline for transportation in the nation.,"gas-prices,taxes"
barely-true,Says he balanced the budget without raising taxes.,"city-budget,taxes"
barely-true,"(Sen. Robert) Gordon cost us money, exempting the Newark sports arena from paying property taxes and sticking us with the bill.","message-machine-2012,taxes"
mostly-true,Says excise taxes are...disproportionately burdening middle- and lower-income consumers.,taxes
half-true,"Say in November 2010, voters overwhelmingly supported the idea of creating a (library) district.",taxes
barely-true,Sixteen thousand new Internal Revenue Service agents will be empowered to enforce the new health care legislation.,"health-care,taxes"
pants-fire,Says Bernie Sanders is going to tax you people at 90 percent.,taxes
true,"The U.S.tax rate on successful small businesses is 44.6 percent, while the business tax rate in Canada is 15 percent.",taxes
barely-true,Says Jeanne Shaheen got behind the idea of using the IRS to target American citizens for their political views.,taxes
true,You can fill out your tax return in Estonia online in five minutes.,"foreign-policy,taxes"
false,"In Wisconsin, 98 percent of all small businesses will qualify for income-tax relief under my plan, freeing them to expand and create jobs.","small-business,taxes"
barely-true,"Says Bill Nelson sold agricultural land for home development, pocketing at least $1.4 million.","agriculture,taxes"
barely-true,"On Obama, ""The press warns the 'Taxman Cometh.'""",taxes
mostly-true,Tax increases could come into play as a result of the debt ceiling deal.,"federal-budget,taxes"
half-true,"People (are) paying more in taxes than they will for food, housing and clothing combined.",taxes
false,The Democrats plan to raise your tax rates to 70 or 80 percent.,taxes
mostly-true,Republican state lawmakers are refusing to give the people of their own states their own tax dollars back in the form of (expanded) Medicaid.,"health-care,taxes"
barely-true,"The Obama-GOP compromise raises taxes, it raises the death tax.","federal-budget,taxes"
half-true,The Republican governor who stood up and cut spending instead of raising taxes.,taxes
false,I have never voted for a tax increase.,"florida,taxes"
barely-true,"Hillary Clinton and Barack Obama want to raise taxes on dividends, a move that would crash the stock market.",taxes
mostly-true,"Says Jennifer Horn, chairwoman of the N.H. Republican Party, owes $92,000 in back taxes.",taxes
half-true,On suspending system development charges for two years.,taxes
mostly-true,"Illegal tobacco sales, price driven too high, has been connected to at least several cases of funding terrorism against us in multi-year investigations over the last decade and a half.","taxes,terrorism"
true,"The General Assembly has no explicit constitutional authority to impose income, sales, estate and the myriad of other taxes upon us.","history,taxes"
mostly-true,Says Alex Sink supported more taxes on water and TV.,taxes
false,"Says the money is in the budget to give a tax break to everyone, including people making more than $1 million.","state-budget,taxes"
pants-fire,Says his plan to raise car registration to $56 would still leave Virginia with a fee thats equal to or lower than most states.,"taxes,transportation"
barely-true,We spend half a trillion dollars a year in tax preparation.,taxes
barely-true,"Says Mitt Romney said at a January 2012 debate that under Paul Ryans tax plan, Id have paid no taxes in the last two years.","corrections-and-updates,taxes"
false,George Allens flat tax plan would actually shrink revenues further thanthe Perry (flat tax) plan.,taxes
true,"Right now, Texas doesnt have an income tax and Oklahomas lowering their income tax rates, and guess what their severance tax is? Sky high.","state-budget,taxes"
barely-true,"Says that as a U.S. senator, Scott Brown delivered for Wall Street, saving big banks $19 billion in taxes.","financial-regulation,taxes"
barely-true,"The estate tax, which came into being by Republicans like Teddy Roosevelt and others ... is there for a real simple reason: In America, we've never liked the idea of massive inherited wealth.",taxes
false,Says Donald Trump hasnt broken his promise to release his tax returns.,"candidates-biography,taxes"
mostly-true,"Ive cut taxes for ... middle-class families, small businesses.",taxes
mostly-true,Says Fulton County government hasnt raised its millage rate since 1991.,taxes
barely-true,The United States is the only major country that taxes its own exports.,"federal-budget,taxes"
true,"Says Ohio is one of just 17 states with an estate tax, and it has the lowest threshold in the nation.",taxes
mostly-true,I lowered taxes over the last two years.,taxes
mostly-true,"When Nancy Nusbaum was Brown County executive, spending went up nearly 50 percent.","county-budget,taxes"
half-true,Coca-Colas CEO said he finds it easier to do work in China than in the United States.,"government-regulation,taxes"
mostly-true,"Now remember, property taxes went up 70 percent in the 10 years before I became governor.",taxes
barely-true,Floridas revenue is growing at a faster rate than almost any state in the country.,"economy,taxes"
barely-true,The party in the White House is responsible for a massive tax increase on the middle class.,"health-care,taxes"
half-true,Ben Unger supported a 15 percent property tax increase on Oregon seniors.,"message-machine-2012,taxes"
half-true,"For people in the top 1 percent for income, your effective tax burden is in the low 20s, the lowest its been in decades and decades and decades -- lower than somebody who might make substantially less money.","new-hampshire-2012,taxes"
barely-true,"The sales tax increase, if approved, will cost taxpayers up to $300 million per year, in perpetuity, to finance a rail system for the City of Tampa.","taxes,transportation"
barely-true,Judithanne McLauchlan was part of a group that supports imposing a state income tax on Floridians.,"florida,taxes"
mostly-true,Our tax rates are lower now than they were under Ronald Reagan. Theyre much lower than they were under Dwight Eisenhower.,"history,taxes"
true,"47 - New provisions ObamaCare charges the IRS with implementing, according to the Government Accountability Office.","health-care,taxes"
barely-true,"Frank Guinta voted to make middle class taxpayers pay over a $1,000 more a year in taxes.",taxes
false,Says his 9-9-9 tax reform plan is not regressive.,taxes
barely-true,McCain will give more tax breaks to big oil.,taxes
barely-true,"Says Maggie Hassan pays zero property taxes on her $500,000 home.",taxes
barely-true,Says the estate tax is a threat to family farms.,"agriculture,taxes"
false,We can fix our roads without raising taxes.,"taxes,transportation"
barely-true,"Republican leaders said ""no"" to ""tax cuts for 95% of working Americans.""","stimulus,taxes"
mostly-true,"The Republican plan for tax cuts is to give each millionaire -- the top 1 percent of income in this country -- $83,347 a year in tax cuts.",taxes
false,"A proposed revenue smart cap gives Floridians a voice, requiring a 60 percent vote by citizens in order to impose a new tax, fee, license, fine, charge or assessment.","state-budget,taxes"
true,Says Jim Frishe wanted to tax us for doing our taxes through an accountant.,"message-machine-2012,taxes"
barely-true,"This year, the Austin City Council granted a small homestead property tax exemption of $5,000... applied equally to everyone. And we also granted an exemption for the elderly and the disabled members of the community.",taxes
mostly-true,More astronauts have been to the moon than farmers who paid the inheritance tax in 2013.,taxes
true,"98 percent of American families make under $250,000 a year.",taxes
false,Hedge fund managers and others in private equity pay much lower (tax) rates on their income than do truck drivers and teachers and nurses.,"labor,taxes"
half-true,Do you know those former Soviet Bloc countries have all moved to flat taxes?,taxes
barely-true,Some billionaires have a tax rate as low as 1 percent.,taxes
mostly-true,We have the highest corporate income tax in the world right now.,taxes
mostly-true,"I used tax cuts to help create over 80,000 jobs in New Mexico.",taxes
mostly-true,"If you make the average amount of people in Wisconsin, $50,000, you got $1.60 less a week in taxes under the state income-tax cut, but it didnt show up in your paycheck.","state-budget,taxes"
true,"Boston is just 60 minutes away and its offering subsidies to developers who can charge higher rent than you can get in Providence while construction costs are more or less equal. As a result, the Boston skyline is completely dominated by the cranes.","state-budget,taxes"
mostly-true,We have the highest (corporate tax rates) in the world right now.,taxes
mostly-true,We cut property taxes for seniors and our middle class.,taxes
true,"Says a pack-a-day smoker who quits because of the tax increase will save about $1,650 a year.","public-health,taxes"
pants-fire,Nancy Pelosi wants a Windfall Tax on Retirement Income.,taxes
true,"Once our Blueprint for Prosperity is signed into law, we will have delivered $2 billion in tax relief.","job-accomplishments,taxes"
false,The Wisconsin Legislature raised taxes more than $5 billion in 2009.,taxes
barely-true,The tax policies of George W. Bush created a dynamic effect of high growth.,"economy,taxes"
false,"Barack Obama wants to ""restore"" the estate tax that George W. Bush ""repealed.""",taxes
false,The Greenlight Pinellas transportation plan involves a 300% tax increase.,"taxes,transportation"
false,Paul Workman wants to raise the sales tax.,taxes
mostly-true,Between 40 and 50 percent of tax filers do not owe any income tax.,taxes
half-true,"(The Tax Policy Center) found that Romney would raise taxes on the average middle class family by $2,000 to pay for $5 trillion in tax cuts for millionaires and billionaires.",taxes
false,"I signed the largest single tax cut in the history of Florida, a $25 billion tax cut over five years, directed at property tax cuts.","florida,taxes"
true,"Says that under his tax plan, seniors making less than $50,000 per year won't pay any income taxes.",taxes
true,"The Alternative Minimum Tax was never intended to hit people in middle income, upper middle income. It was meant for people who are rich and evading taxes.",taxes
barely-true,"Says Julie Parrish wants to add a sales tax to everything we need to buy including food, clothing, medicine and school supplies.",taxes
mostly-true,"Says that over the last decade, the states population grew three times faster than the Texas state tax system.","state-budget,taxes"
half-true,The Obama administration has been raising taxes.,"income,taxes"
pants-fire,Peter DeFazio will sneak in a 1 percent tax on all banking transactions.,taxes
barely-true,Says tanking Rick Perrys federal tax plan has huge tax cuts for rich people and big tax hikes for everyone else.,"pundits,taxes"
half-true,Georgia has the countrys second highest number of fraudulent tax refund claims.,"crime,taxes"
true,Big soda has a lot of money.They make a lot of profit off their product and they market in neighborhoods that suffer from these very things that were trying to cure.,"economy,taxes"
half-true,Corporate tax holidays pushed by Presidents John F. Kennedy and George W. Bush brought billions of dollars back into the United States.,taxes
false,"Says the Southwest Florida Water Management District has $850 million in reserves, enough money in savings to run without levying taxes for more than two years.","taxes,water"
true,"John McCain wants to ""give oil companies another $4-billion"" in tax breaks.",taxes
false,"It will cost $50,000 per enrollee in Obamacare over the next 10 years.","health-care,taxes"
half-true,"Says the governor took away a billion dollars of rebates, so in real dollars, our property taxes have gone up 20 percent.","state-budget,taxes"
false,"Says Rep. Tammy Duckworth has been a staunch supporter of expanding the spending, size and reach of the IRS.",taxes
false,Says U.S. Senate candidate Joni Ernst signed a pledge that protects tax breaks for companies that ship jobs overseas.,"corporations,taxes"
mostly-true,The IRS doesnt have to prove something against you ... youve got the burden of proof.,"legal-issues,taxes"
mostly-true,From the Do As I Say Not As I Do department: federal employees owe $3.3 billion in back taxes.,taxes
false,Ive never supported a payroll tax.,taxes
barely-true,"Joe Sestak ... even wants to bring back the death tax, letting the IRS take half of your savings when you die.","message-machine,taxes"
pants-fire,"RNC version of a Hillary Clinton valentine: ""Roses are red, violets are blue, I'll raise your taxes and there is nothing you can do.""",taxes
half-true,The states that are doing better are the ones that have no state income tax.,taxes
barely-true,Says Alex Sink supported higher property taxes.,taxes
half-true,The top 1 percent pay 45 percent of all taxes in the country.,taxes
mostly-true,Texas has the sixth-highest property taxes in the nation.,taxes
half-true,Says the largest tax increase in American history is set to occur on January 1st unless President Obama and Congress can come to an agreement.,"history,taxes"
false,"Says Bill White didnt pay taxes while earning $133,600 annual salary as deputy secretary of energy.","taxes,transparency"
half-true,Says Austin voters can approve seven bond propositions without raising taxes.,"elections,taxes"
barely-true,Allowing all Bush income tax cuts to expire on Dec. 31 will amount to the largest tax increase in the history of America.,taxes
pants-fire,Says Sal Esquivel wants a 5 percent state sales tax on groceries.,taxes
half-true,"Gov. Chris Christie caused a 4.1 percent increase in property taxes in 2010, marking the highest increase since 2007.",taxes
mostly-true,Says Ronald Reagan reversed his worlds largest tax cut and raised taxes when revenues did not match the expectations.,taxes
half-true,Says Gov. Jeb Bush vetoed the Quiones Plan because it was taxation without representation on a large scale.,taxes
half-true,"As mayor, every year I was in office I did reduce taxes.",taxes
half-true,Says Mark Hass raised your taxes by $1 billion in a single day.,taxes
mostly-true,"John McCain ""is proposing tax cuts that would give the average Fortune 500 CEO an additional $700,000 in tax cuts.""",taxes
true,Michael Thurmond authored major legislation that has provided more than $250 million in tax relief to Georgias senior citizens and working families.,taxes
half-true,"Says constitutional amendment would help to stop unfair, double taxation on real estate.",taxes
pants-fire,"Hillary Clinton says she wants to, raise taxes on the middle class.",taxes
false,On raising taxes.,"taxes,transportation"
false,Says Ron Johnson voted five times for tax breaks that help companies ship Wisconsin jobs overseas.,"jobs,taxes"
pants-fire,Says Wendys founder Dave Thomas left the state literally on his deathbed to avoid the estate tax.,taxes
false,Says Kurt Schrader cast the deciding vote that failed to extend tax cuts for Oregons middle-class families and small businesses.,taxes
half-true,I cut taxes 23 times when I was mayor of New York City.,taxes
half-true,"John McCain's tax plan will give no reduction ""for 100-million American families.""",taxes
false,The state constitution clearly says theres not to be a state income tax in Tennessee.,"legal-issues,taxes"
true,Says his transportation plan would make Virginia the first state in the nation to eliminate the state tax on gasoline.,"taxes,transportation"
half-true,(Romney's) record was that he raised taxes by $730-million.,taxes
barely-true,"Obama voted to raise taxes on people making just $42,000.",taxes
mostly-true,"You dont see Norway losing population, and its taxes are astronomical.",taxes
barely-true,"Says economists Harvey Rosen and Martin Feldstein have said that paying for (Mitt) Romneys tax cuts would require large tax increases on families making between $100,000 and $200,000.",taxes
barely-true,A real result of his term is Georgia having the lowest taxes per capita of any state.,taxes
true,Democrats say Chafee wants to tax equipment that enables amputee veterans to drive,taxes
false,Says President Barack Obama has not raised taxes.,taxes
mostly-true,McCain opposes repeal of the death tax.,taxes
false,"Every illegal immigrant can be eligible for up to $36,000 to $38,000 in earned income tax credits without paying a dime in.","immigration,taxes"
barely-true,Says Daniel Webster used taxpayer funds to build a lobbyist lounge.,"message-machine-2012,taxes"
mostly-true,Corporate taxes will soon be the highest in the industrialized world.,"corporations,taxes"
true,"Under Donald Trumps tax plan, 51 percent of single parents would see their taxes go up.",taxes
false,"Over half of the people who would be taxed under (a millionaire surtax) are, in fact, small businesspeople.","taxes,abc-news-week"
mostly-true,"In terms of the wealthiest Americans, were at the lowest tax rate since the 1950s.",taxes
barely-true,"When I was Mayor of South Pasadena, we actually reduced the property taxes we collected.",taxes
half-true,Says an arts tax would provide funding for certified arts and music teachers for every elementary school serving Portland residents.,taxes
false,Says Democratic U.S. Senate candidate Russ Feingold voted over 250 times to raise taxes.,taxes
true,"Tim Kaine, as governor, proposed tax increases on people earning as little as $17,000.","state-budget,taxes"
barely-true,"Obama ""promises more taxes on small business, seniors, your life savings, your family.""",taxes
mostly-true,"A bipartisan payroll tax cut championed by the White House has meant that the average family has an extra $1,000 in their pocket this year.","economy,taxes"
barely-true,"Says that when he was governor of Utah, he worked with the state Legislature to create a flat tax that cut income taxes by 30 percent.","new-hampshire-2012,taxes"
barely-true,Americas tax code hasnt been updated in 30 years.,taxes
pants-fire,Claims credit for food tax reductions that previous Democrat regimes refused to make.,taxes
half-true,"Contrary to media reports, Georgias gas tax change led to no price increase at the pump.","gas-prices,taxes"
mostly-true,Says U.S. Senate candidate David Perdue flip-flopped on releasing his tax returns.,taxes
true,Sherrod Brown failed to pay his own taxes three separate times.,"message-machine-2012,taxes"
mostly-true,"Says Ronald Reagan understood repeatedly that when the deficit started to get out of control, that for him to make a deal he would have to propose both spending cuts and tax increases.","history,taxes"
half-true,"People buy more items during Georgias sales-tax holidays, boosting economic activity.","state-budget,taxes"
half-true,"McCain's ""plan for the economy is to extend George Bush's tax cuts for billionaires and give a $100-billion additional corporate tax cut.""",taxes
true,Richard Nixon released tax returns when he was under audit.,"taxes,transparency"
pants-fire,Rhode Island didnt ratify the 13th Amendment to the Constitution to pay federal income taxes. So Rhode Island doesnt even have to pay federal income taxes.,"history,taxes"
false,Anybody who is familiar with the historical data from the IRS knows that raising income tax rates will likely actually reduce federal revenues.,"taxes,abc-news-week"
false,"Kasichs budget raised taxes by billions, hitting businesses hard and the middle class even harder.","state-budget,taxes"
pants-fire,Says President Barack Obamas finance team is recommending a 1% tax on all transactions at any financial institution.,"social-security,taxes"
false,The health care reform bill is the largest tax increase in U.S. history.,"health-care,taxes"
barely-true,Obama has (a) new Christmas tree tax.,taxes
mostly-true,"The Internal Revenue code has ballooned to a 5,600-page, 4 million-word complicated mess that is seven times as long as the Bible with none of the good news.",taxes
false,Says Gov. Chris Christie has embarked on a tour to demand that New Jerseys Democratic legislature approve an immediate tax cut that would disproportionately benefit the wealthiest.,taxes
half-true,"Barack Obama supports plans to raise ""income taxes ... payroll taxes.""",taxes
half-true,"Says MittRomneys tax plans would give an additional $250,000 tax cut to millionaires and billionaires while raising taxes on the middle class.",taxes
false,"Middle-class families throughout America (would) have to pay $6,000 per year to pay for tax cuts for the wealthy.","federal-budget,taxes"
false,The health care law is the largest tax [increase] in the history of our country,"health-care,taxes"
half-true,"The Baucus health care bill ""would drastically restrict the use of flexible spending accounts (FSAs) in order to help pay for health care reform.""",taxes
half-true,"If Congress does not pass the renewal of the payroll tax cut before the end of the year, nearly 160 million working families will see their taxes go up by roughly $1,000.","jobs,taxes"
mostly-true,We have the highest per-pupil cost in the country.,"education,taxes"
true,"Under a law proposed by Wisconsin Gov. Scott Walker, businesses that move into Wisconsin dont have to pay any taxes on their income for two years.","jobs,taxes"
true,There are more words in the IRS code than there are in the Bible.,taxes
mostly-true,Says Mitt Romney raised business taxes 20 percent in Massachusetts.,"message-machine-2012,taxes"
mostly-true,The Bush-era tax cuts failed to increase employment and work-force participation fell in 2001 and has never returned to the record level set in 2000.,"jobs,taxes"
false,"When the Fair Tax becomes law, it will be like waving a magic wand releasing us from pain and unfairness.",taxes
true,"Buono voted 154 times to raise our taxes -- like the sales tax, the income tax, health care taxes, even small business taxes.",taxes
pants-fire,"Under President Obama: $4,000 tax hike on middle-class families.","message-machine-2012,taxes"
true,"Under the compromise tax agreement, 99.7% of American families will not pay 1 nickel in an estate tax.",taxes
false,"If you have an investment for your child's education or own a mutual fund or a stock in a retirement plan, (Obama) is going to raise your taxes.",taxes
half-true,"Americans will spend more on taxes in 2014 than they will on food, clothing and housing combined.",taxes
barely-true,Says State Comptroller Matthew Boxer pointed out that many towns are artificially lowering the real estate values that they report to Trenton in order to get hundreds of millions of dollars of additional school aid. This is the kind of fraud that needs to be addressed immediately.,"education,taxes"
half-true,The fiscal cliff deal ultimately raised taxes.,"federal-budget,taxes"
barely-true,"U.S. Olympic medal winners will owe up to $9,000 to the IRS.","sports,taxes"
half-true,"Under his tax plan, the greatest gains, percentage-wise, will be at the lower end of our plan.",taxes
false,"[R]emember, the president proposed eliminating charitable deductions for higher-income taxpayers.",taxes
true,"Says Mitt Romney had millions in the Cayman Islands, a tax haven.","message-machine-2012,taxes"
false,"John McCain will keep the estate tax at 0 percent, the same as it is now.",taxes
false,"Last year, ExxonMobil made $19 billion in profit. Guess what. They paid zero in taxes. They got a $156 million refund from the IRS.","corporations,taxes"
barely-true,"During the Bush administration, liberal groups were targeted by the IRS, similar to recent targeting.","bush-administration,taxes"
true,"For decades, the states gas tax has been among the highest in the nation.","taxes,transportation"
pants-fire,The health care law includes a 3.8% sales tax on all real estate transactions.,"health-care,taxes"
true,"The mega-rich pay about 15 percent in taxes, while the middle class fall into the 15 percent and 25 percent income tax brackets, and then are hit with heavy payroll taxes to boot.",taxes
false,Says Will Rasmussen supported a sales tax as recently as last spring.,taxes
half-true,Both the state and federal governments make more per gallon in gas taxes than the oil companies make themselves for doing all the work.,"energy,taxes"
half-true,Governor Scott Cut Taxes 40 Times For Florida Families,taxes
mostly-true,Taxes are lower on families than theyve been probably in the last 50 years.,"history,taxes"
mostly-true,Texans pay the sixth-highest property tax in the nation.,taxes
barely-true,Says a new report shows the devastating tax hikes (in the health care law) will have on middle-class Kentuckians.,"health-care,taxes"
mostly-true,"While Hillary Clinton plans a massive, and I mean massive, tax increase, I have proposed the largest tax reduction of any candidate who has run for president this year, Democrat or Republican.",taxes
mostly-true,I believe in tax cuts. I believe in being a supply-sider. I cut the income tax I think it was 24 percent. We got 42 percent more revenues.,taxes
mostly-true,"Over the past two years, Florida has cut more than $1 billion in taxes.",taxes
